{
  "genesis_time": "2019-09-26T13:28:58.047804Z",
  "chain_id": "testing",
  "consensus_params": {
    "block": {
      "max_bytes": "22020096",
      "max_gas": "-1",
      "time_iota_ms": "1000"
    },
    "evidence": {
      "max_age": "100000"
    },
    "validator": {
      "pub_key_types": ["ed25519"]
    }
  },
  "app_hash": "",
  "app_state": {
    "bank": {
      "send_enabled": true
    },
    "genutil": {
      "gentxs": [
        {
          "type": "cosmos-sdk/StdTx",
          "value": {
            "msg": [
              {
                "type": "cosmos-sdk/MsgCreateValidator",
                "value": {
                  "description": {
                    "moniker": "testing",
                    "identity": "",
                    "website": "",
                    "details": ""
                  },
                  "commission": {
                    "rate": "0.100000000000000000",
                    "max_rate": "0.200000000000000000",
                    "max_change_rate": "0.010000000000000000"
                  },
                  "min_self_delegation": "1",
                  "delegator_address": "cosmos1pkptre7fdkl6gfrzlesjjvhxhlc3r4gmmk8rs6",
                  "validator_address": "cosmosvaloper1pkptre7fdkl6gfrzlesjjvhxhlc3r4gm7znkuf",
                  "pubkey": "cosmosvalconspub1zcjduepqmktrr4rjkp8lje2lxcpdkf27tpyfv8w74czsasvthr3qc4encahsj85lva",
                  "value": {
                    "denom": "stake",
                    "amount": "100000000"
                  }
                }
              }
            ],
            "fee": {
              "amount": [],
              "gas": "200000"
            },
            "signatures": [
              {
                "pub_key": {
                  "type": "tendermint/PubKeySecp256k1",
                  "value": "A08EGB7ro1ORuFhjOnZcSgwYlpe0DSFjVNUIkNNQxwKQ"
                },
                "signature": "7yxA/j9y58XGRMv336J75p8CCfCDtslpr0hk9FA2GCIsvqgimwrUJ2sXMPbkx6EYj7gpvrrPZ9MY6pnIC2M9YQ=="
              }
            ],
            "memo": "223aedddd9442bcf16641858ca85837f27997d0d@192.168.178.20:26656"
          }
        }
      ]
    },
    "auth": {
      "params": {
        "max_memo_characters": "256",
        "tx_sig_limit": "7",
        "tx_size_cost_per_byte": "10",
        "sig_verify_cost_ed25519": "590",
        "sig_verify_cost_secp256k1": "1000"
      }
    },
    "slashing": {
      "params": {
        "max_evidence_age": "120000000000",
        "signed_blocks_window": "100",
        "min_signed_per_window": "0.500000000000000000",
        "downtime_jail_duration": "600000000000",
        "slash_fraction_double_sign": "0.050000000000000000",
        "slash_fraction_downtime": "0.010000000000000000"
      },
      "signing_infos": {},
      "missed_blocks": {}
    },
    "mint": {
      "minter": {
        "inflation": "0.130000000000000000",
        "annual_provisions": "0.000000000000000000"
      },
      "params": {
        "mint_denom": "stake",
        "inflation_rate_change": "0.130000000000000000",
        "inflation_max": "0.200000000000000000",
        "inflation_min": "0.070000000000000000",
        "goal_bonded": "0.670000000000000000",
        "blocks_per_year": "6311520"
      }
    },
    "staking": {
      "params": {
        "unbonding_time": "1814400000000000",
        "max_validators": 100,
        "max_entries": 7,
        "bond_denom": "stake"
      },
      "last_total_power": "0",
      "last_validator_powers": null,
      "validators": null,
      "delegations": null,
      "unbonding_delegations": null,
      "redelegations": null,
      "exported": false
    },
    "distribution": {
      "fee_pool": {
        "community_pool": []
      },
      "community_tax": "0.020000000000000000",
      "base_proposer_reward": "0.010000000000000000",
      "bonus_proposer_reward": "0.040000000000000000",
      "withdraw_addr_enabled": true,
      "delegator_withdraw_infos": [],
      "previous_proposer": "",
      "outstanding_rewards": [],
      "validator_accumulated_commissions": [],
      "validator_historical_rewards": [],
      "validator_current_rewards": [],
      "delegator_starting_infos": [],
      "validator_slash_events": []
    },
    "gov": {
      "starting_proposal_id": "1",
      "deposits": null,
      "votes": null,
      "proposals": null,
      "deposit_params": {
        "min_deposit": [
          {
            "denom": "stake",
            "amount": "10000000"
          }
        ],
        "max_deposit_period": "172800000000000"
      },
      "voting_params": {
        "voting_period": "172800000000000"
      },
      "tally_params": {
        "quorum": "0.334000000000000000",
        "threshold": "0.500000000000000000",
        "veto": "0.334000000000000000"
      }
    },
    "crisis": {
      "constant_fee": {
        "denom": "stake",
        "amount": "1000"
      }
    },
    "accounts": [
      {
        "address": "cosmos1pkptre7fdkl6gfrzlesjjvhxhlc3r4gmmk8rs6",
        "coins": [
          {
            "denom": "stake",
            "amount": "1000000000"
          },
          {
            "denom": "uatom",
            "amount": "1000000000"
          }
        ],
        "sequence_number": "0",
        "account_number": "0",
        "original_vesting": [],
        "delegated_free": [],
        "delegated_vesting": [],
        "start_time": "0",
        "end_time": "0",
        "module_name": "",
        "module_permissions": [""]
      }
    ],
    "params": null,
    "supply": {
      "supply": []
    }
  }
}
