{
  "$schema": "http://json-schema.org/draft-07/schema#",
  "title": "SudoMsg",
  "description": "SudoMsg is only exposed for internal Cosmos SDK modules to call. This is showing how we can expose \"admin\" functionality than can not be called by external users or contracts, but only trusted (native/Go) code in the blockchain",
  "anyOf": [
    {
      "type": "object",
      "required": [
        "steal_funds"
      ],
      "properties": {
        "steal_funds": {
          "type": "object",
          "required": [
            "amount",
            "recipient"
          ],
          "properties": {
            "amount": {
              "type": "array",
              "items": {
                "$ref": "#/definitions/Coin"
              }
            },
            "recipient": {
              "type": "string"
            }
          }
        }
      },
      "additionalProperties": false
    }
  ],
  "definitions": {
    "Coin": {
      "type": "object",
      "required": [
        "amount",
        "denom"
      ],
      "properties": {
        "amount": {
          "$ref": "#/definitions/Uint128"
        },
        "denom": {
          "type": "string"
        }
      }
    },
    "Uint128": {
      "description": "A thin wrapper around u128 that is using strings for JSON encoding/decoding, such that the full u128 range can be used for clients that convert JSON numbers to floats, like JavaScript and jq.\n\n# Examples\n\nUse `from` to create instances of this and `u128` to get the value out:\n\n``` # use cosmwasm_std::Uint128; let a = Uint128::from(123u128); assert_eq!(a.u128(), 123);\n\nlet b = Uint128::from(42u64); assert_eq!(b.u128(), 42);\n\nlet c = Uint128::from(70u32); assert_eq!(c.u128(), 70); ```",
      "type": "string"
    }
  }
}
