{"action":{"identity":{"address":"N\u0000sourcecred\u0000core\u0000IDENTITY\u0000xc5zDm2QVWDLeOoHPzmQaQ\u0000","aliases":[],"id":"xc5zDm2QVWDLeOoHPzmQaQ","name":"assafmo","subtype":"USER"},"type":"CREATE_IDENTITY"},"ledgerTimestamp":1599864754564,"uuid":"xEHG4lCEKdv2Hab8inqzzg","version":"1"}
{"action":{"alias":{"address":"N\u0000sourcecred\u0000github\u0000USERLIKE\u0000USER\u0000assafmo\u0000","description":"github/[@assafmo](https://github.com/assafmo)"},"identityId":"xc5zDm2QVWDLeOoHPzmQaQ","type":"ADD_ALIAS"},"ledgerTimestamp":1599864754564,"uuid":"GnIakSmByzIaoyvy3bPtGA","version":"1"}
{"action":{"identity":{"address":"N\u0000sourcecred\u0000core\u0000IDENTITY\u0000LcQ01YjQWlfvZlA7W71cXQ\u0000","aliases":[],"id":"LcQ01YjQWlfvZlA7W71cXQ","name":"ainsleys","subtype":"USER"},"type":"CREATE_IDENTITY"},"ledgerTimestamp":1599864754565,"uuid":"pQdErYxOSroc7cN4nHDCkg","version":"1"}
{"action":{"alias":{"address":"N\u0000sourcecred\u0000github\u0000USERLIKE\u0000USER\u0000ainsleys\u0000","description":"github/[@ainsleys](https://github.com/ainsleys)"},"identityId":"LcQ01YjQWlfvZlA7W71cXQ","type":"ADD_ALIAS"},"ledgerTimestamp":1599864754565,"uuid":"x3H5qkSnFb00ubvbS9fXDw","version":"1"}
{"action":{"identity":{"address":"N\u0000sourcecred\u0000core\u0000IDENTITY\u0000QLL9NzE7nNi7ae925U6qqw\u0000","aliases":[],"id":"QLL9NzE7nNi7ae925U6qqw","name":"jlwaugh","subtype":"USER"},"type":"CREATE_IDENTITY"},"ledgerTimestamp":1599864754565,"uuid":"eJdouP5OBVJXRpVlTMkiMQ","version":"1"}
{"action":{"alias":{"address":"N\u0000sourcecred\u0000github\u0000USERLIKE\u0000USER\u0000jlwaugh\u0000","description":"github/[@jlwaugh](https://github.com/jlwaugh)"},"identityId":"QLL9NzE7nNi7ae925U6qqw","type":"ADD_ALIAS"},"ledgerTimestamp":1599864754565,"uuid":"HZjfNGyNUmcZhgoi4QAMKQ","version":"1"}
{"action":{"identity":{"address":"N\u0000sourcecred\u0000core\u0000IDENTITY\u0000rzMOF9WO7DZdaEyjxYBL7g\u0000","aliases":[],"id":"rzMOF9WO7DZdaEyjxYBL7g","name":"lacabra","subtype":"USER"},"type":"CREATE_IDENTITY"},"ledgerTimestamp":1599864754565,"uuid":"sxg6R56cpu3WFYng1zlXlg","version":"1"}
{"action":{"alias":{"address":"N\u0000sourcecred\u0000github\u0000USERLIKE\u0000USER\u0000lacabra\u0000","description":"github/[@lacabra](https://github.com/lacabra)"},"identityId":"rzMOF9WO7DZdaEyjxYBL7g","type":"ADD_ALIAS"},"ledgerTimestamp":1599864754566,"uuid":"W0MAZDVvRsmkhZ4ZiY0d1Q","version":"1"}
{"action":{"identity":{"address":"N\u0000sourcecred\u0000core\u0000IDENTITY\u0000rxoaVYeAoQ1NQyGPt3P6Nw\u0000","aliases":[],"id":"rxoaVYeAoQ1NQyGPt3P6Nw","name":"toml01","subtype":"USER"},"type":"CREATE_IDENTITY"},"ledgerTimestamp":1599864754566,"uuid":"1F4df0ByzMRyIL0PhELhqA","version":"1"}
{"action":{"alias":{"address":"N\u0000sourcecred\u0000github\u0000USERLIKE\u0000USER\u0000toml01\u0000","description":"github/[@toml01](https://github.com/toml01)"},"identityId":"rxoaVYeAoQ1NQyGPt3P6Nw","type":"ADD_ALIAS"},"ledgerTimestamp":1599864754566,"uuid":"aEgUac2NAniq1keSA1EzxQ","version":"1"}
{"action":{"identity":{"address":"N\u0000sourcecred\u0000core\u0000IDENTITY\u0000IdmgQAcP8a5HpDJfm979gg\u0000","aliases":[],"id":"IdmgQAcP8a5HpDJfm979gg","name":"Cashmaney","subtype":"USER"},"type":"CREATE_IDENTITY"},"ledgerTimestamp":1599864754566,"uuid":"gVzOb6sgxp5nMH0Ayg7T8g","version":"1"}
{"action":{"alias":{"address":"N\u0000sourcecred\u0000github\u0000USERLIKE\u0000USER\u0000Cashmaney\u0000","description":"github/[@Cashmaney](https://github.com/Cashmaney)"},"identityId":"IdmgQAcP8a5HpDJfm979gg","type":"ADD_ALIAS"},"ledgerTimestamp":1599864754566,"uuid":"VjL8KZXdjq9Qbun0eghYrA","version":"1"}
{"action":{"identity":{"address":"N\u0000sourcecred\u0000core\u0000IDENTITY\u0000R4Vhzym2fQ0giB4UnAQR7g\u0000","aliases":[],"id":"R4Vhzym2fQ0giB4UnAQR7g","name":"dbriggsie","subtype":"USER"},"type":"CREATE_IDENTITY"},"ledgerTimestamp":1599864754566,"uuid":"xfAyog8yR9KPjF8c7tmyew","version":"1"}
{"action":{"alias":{"address":"N\u0000sourcecred\u0000github\u0000USERLIKE\u0000USER\u0000dbriggsie\u0000","description":"github/[@dbriggsie](https://github.com/dbriggsie)"},"identityId":"R4Vhzym2fQ0giB4UnAQR7g","type":"ADD_ALIAS"},"ledgerTimestamp":1599864754566,"uuid":"KhYCvq2zaq4zad5OXc1OMg","version":"1"}
{"action":{"identity":{"address":"N\u0000sourcecred\u0000core\u0000IDENTITY\u0000VOggqrrAHnZoBjBXon3NXg\u0000","aliases":[],"id":"VOggqrrAHnZoBjBXon3NXg","name":"cankisagun","subtype":"USER"},"type":"CREATE_IDENTITY"},"ledgerTimestamp":1599864754567,"uuid":"IBOzNTDLR7T0kdsNQgY2Og","version":"1"}
{"action":{"alias":{"address":"N\u0000sourcecred\u0000github\u0000USERLIKE\u0000USER\u0000cankisagun\u0000","description":"github/[@cankisagun](https://github.com/cankisagun)"},"identityId":"VOggqrrAHnZoBjBXon3NXg","type":"ADD_ALIAS"},"ledgerTimestamp":1599864754567,"uuid":"X7hje6dsN8YK5wKo6GqI8g","version":"1"}
{"action":{"identity":{"address":"N\u0000sourcecred\u0000core\u0000IDENTITY\u0000AWcktl9zhljNLGECpQPWKQ\u0000","aliases":[],"id":"AWcktl9zhljNLGECpQPWKQ","name":"reuvenpo","subtype":"USER"},"type":"CREATE_IDENTITY"},"ledgerTimestamp":1599864754567,"uuid":"wHVZjlVmLDRxghmqtLGKBw","version":"1"}
{"action":{"alias":{"address":"N\u0000sourcecred\u0000github\u0000USERLIKE\u0000USER\u0000reuvenpo\u0000","description":"github/[@reuvenpo](https://github.com/reuvenpo)"},"identityId":"AWcktl9zhljNLGECpQPWKQ","type":"ADD_ALIAS"},"ledgerTimestamp":1599864754567,"uuid":"T9YX7JEyp9qIkVms68mzhg","version":"1"}
{"action":{"identity":{"address":"N\u0000sourcecred\u0000core\u0000IDENTITY\u00007YqDVoVceNkf7JLVfXEw4Q\u0000","aliases":[],"id":"7YqDVoVceNkf7JLVfXEw4Q","name":"oponder","subtype":"USER"},"type":"CREATE_IDENTITY"},"ledgerTimestamp":1599864754567,"uuid":"b33TKS78fPn5q46qmDxTXA","version":"1"}
{"action":{"alias":{"address":"N\u0000sourcecred\u0000github\u0000USERLIKE\u0000USER\u0000oponder\u0000","description":"github/[@oponder](https://github.com/oponder)"},"identityId":"7YqDVoVceNkf7JLVfXEw4Q","type":"ADD_ALIAS"},"ledgerTimestamp":1599864754567,"uuid":"VswjOhoz2QEd9TENggVv4w","version":"1"}
{"action":{"identity":{"address":"N\u0000sourcecred\u0000core\u0000IDENTITY\u0000wRCdaZ4A7AP2MpKwVkCb9g\u0000","aliases":[],"id":"wRCdaZ4A7AP2MpKwVkCb9g","name":"guyz","subtype":"USER"},"type":"CREATE_IDENTITY"},"ledgerTimestamp":1599864754568,"uuid":"Zb1KQUBHYa0YmbHj4qEiEQ","version":"1"}
{"action":{"alias":{"address":"N\u0000sourcecred\u0000github\u0000USERLIKE\u0000USER\u0000guyz\u0000","description":"github/[@guyz](https://github.com/guyz)"},"identityId":"wRCdaZ4A7AP2MpKwVkCb9g","type":"ADD_ALIAS"},"ledgerTimestamp":1599864754568,"uuid":"6NF9Ija3BFjgMzh9vHKd1g","version":"1"}
{"action":{"identity":{"address":"N\u0000sourcecred\u0000core\u0000IDENTITY\u0000Li6a07dqt5hymvPxMoyoCA\u0000","aliases":[],"id":"Li6a07dqt5hymvPxMoyoCA","name":"lauraweindorf","subtype":"USER"},"type":"CREATE_IDENTITY"},"ledgerTimestamp":1599864754568,"uuid":"UGl5InaovTgUBfoBkBXqTA","version":"1"}
{"action":{"alias":{"address":"N\u0000sourcecred\u0000github\u0000USERLIKE\u0000USER\u0000lauraweindorf\u0000","description":"github/[@lauraweindorf](https://github.com/lauraweindorf)"},"identityId":"Li6a07dqt5hymvPxMoyoCA","type":"ADD_ALIAS"},"ledgerTimestamp":1599864754568,"uuid":"mjlelGi1aNJYQTjgVYh4yQ","version":"1"}
{"action":{"identity":{"address":"N\u0000sourcecred\u0000core\u0000IDENTITY\u0000gZd3wvoNlPYv8xv5EnIgEA\u0000","aliases":[],"id":"gZd3wvoNlPYv8xv5EnIgEA","name":"ethanfrey","subtype":"USER"},"type":"CREATE_IDENTITY"},"ledgerTimestamp":1599864754568,"uuid":"mdl5pY2aEk9lE3lP2WVrpg","version":"1"}
{"action":{"alias":{"address":"N\u0000sourcecred\u0000github\u0000USERLIKE\u0000USER\u0000ethanfrey\u0000","description":"github/[@ethanfrey](https://github.com/ethanfrey)"},"identityId":"gZd3wvoNlPYv8xv5EnIgEA","type":"ADD_ALIAS"},"ledgerTimestamp":1599864754568,"uuid":"JxVcOwnmDvpjBbEkWMU3WQ","version":"1"}
{"action":{"identity":{"address":"N\u0000sourcecred\u0000core\u0000IDENTITY\u00005x3VqlHAw3aXoU5VM9nBKA\u0000","aliases":[],"id":"5x3VqlHAw3aXoU5VM9nBKA","name":"mohammedpatla","subtype":"USER"},"type":"CREATE_IDENTITY"},"ledgerTimestamp":1599864754568,"uuid":"HKXybSnyqZNJCVQ7Wn6quw","version":"1"}
{"action":{"alias":{"address":"N\u0000sourcecred\u0000github\u0000USERLIKE\u0000USER\u0000mohammedpatla\u0000","description":"github/[@mohammedpatla](https://github.com/mohammedpatla)"},"identityId":"5x3VqlHAw3aXoU5VM9nBKA","type":"ADD_ALIAS"},"ledgerTimestamp":1599864754569,"uuid":"OL9BZpEo3xeKKBYcwyU0Yg","version":"1"}
{"action":{"identity":{"address":"N\u0000sourcecred\u0000core\u0000IDENTITY\u0000RSrfgRfO9y3NkeT6aYD2zQ\u0000","aliases":[],"id":"RSrfgRfO9y3NkeT6aYD2zQ","name":"levackt","subtype":"USER"},"type":"CREATE_IDENTITY"},"ledgerTimestamp":1599864754569,"uuid":"MTxMC43V5w7zAF3GOHEaWA","version":"1"}
{"action":{"alias":{"address":"N\u0000sourcecred\u0000github\u0000USERLIKE\u0000USER\u0000levackt\u0000","description":"github/[@levackt](https://github.com/levackt)"},"identityId":"RSrfgRfO9y3NkeT6aYD2zQ","type":"ADD_ALIAS"},"ledgerTimestamp":1599864754569,"uuid":"morcwoIqJV8HN1b8r9Kr1A","version":"1"}
{"action":{"identity":{"address":"N\u0000sourcecred\u0000core\u0000IDENTITY\u0000LpAQSwJmjdTjcV12SPbcgg\u0000","aliases":[],"id":"LpAQSwJmjdTjcV12SPbcgg","name":"realjohnward","subtype":"USER"},"type":"CREATE_IDENTITY"},"ledgerTimestamp":1599864754569,"uuid":"OfGoAEhe4xY7Ev3oF825Hg","version":"1"}
{"action":{"alias":{"address":"N\u0000sourcecred\u0000github\u0000USERLIKE\u0000USER\u0000realjohnward\u0000","description":"github/[@realjohnward](https://github.com/realjohnward)"},"identityId":"LpAQSwJmjdTjcV12SPbcgg","type":"ADD_ALIAS"},"ledgerTimestamp":1599864754569,"uuid":"LUqpq953U6gVBarl45HNhA","version":"1"}
{"action":{"identity":{"address":"N\u0000sourcecred\u0000core\u0000IDENTITY\u0000xjVGx305e0AgAzV2UwN0oA\u0000","aliases":[],"id":"xjVGx305e0AgAzV2UwN0oA","name":"shiro-hh","subtype":"USER"},"type":"CREATE_IDENTITY"},"ledgerTimestamp":1599864754569,"uuid":"jZ3yRRWm6yEUpm3KxQvPng","version":"1"}
{"action":{"alias":{"address":"N\u0000sourcecred\u0000github\u0000USERLIKE\u0000USER\u0000shiro-hh\u0000","description":"github/[@shiro-hh](https://github.com/shiro-hh)"},"identityId":"xjVGx305e0AgAzV2UwN0oA","type":"ADD_ALIAS"},"ledgerTimestamp":1599864754569,"uuid":"l5zajvM3Wo9roW5OF8t4Lw","version":"1"}
{"action":{"identity":{"address":"N\u0000sourcecred\u0000core\u0000IDENTITY\u0000Fp48l652n0eZR2vJmW0jjQ\u0000","aliases":[],"id":"Fp48l652n0eZR2vJmW0jjQ","name":"dingelish","subtype":"USER"},"type":"CREATE_IDENTITY"},"ledgerTimestamp":1599864754569,"uuid":"QbXVm5w0DAoGP3aKEgMVdA","version":"1"}
{"action":{"alias":{"address":"N\u0000sourcecred\u0000github\u0000USERLIKE\u0000USER\u0000dingelish\u0000","description":"github/[@dingelish](https://github.com/dingelish)"},"identityId":"Fp48l652n0eZR2vJmW0jjQ","type":"ADD_ALIAS"},"ledgerTimestamp":1599864754569,"uuid":"n90U09dHbUzgKwsPzwnMbQ","version":"1"}
{"action":{"identity":{"address":"N\u0000sourcecred\u0000core\u0000IDENTITY\u0000Wgv2aqkUXgbkXxgYNAuoDA\u0000","aliases":[],"id":"Wgv2aqkUXgbkXxgYNAuoDA","name":"moonstash","subtype":"USER"},"type":"CREATE_IDENTITY"},"ledgerTimestamp":1599864754569,"uuid":"1ETYIzRF3XkyEZ1TMH7LWg","version":"1"}
{"action":{"alias":{"address":"N\u0000sourcecred\u0000github\u0000USERLIKE\u0000USER\u0000moonstash\u0000","description":"github/[@moonstash](https://github.com/moonstash)"},"identityId":"Wgv2aqkUXgbkXxgYNAuoDA","type":"ADD_ALIAS"},"ledgerTimestamp":1599864754569,"uuid":"no84nuzaKA1ntOo0pjBvSw","version":"1"}
{"action":{"identity":{"address":"N\u0000sourcecred\u0000core\u0000IDENTITY\u0000agkXXXkpqlwaB9xIDHBZeg\u0000","aliases":[],"id":"agkXXXkpqlwaB9xIDHBZeg","name":"FishmanL","subtype":"USER"},"type":"CREATE_IDENTITY"},"ledgerTimestamp":1599864754569,"uuid":"iXd5TeIBTvyXS598H8kRUQ","version":"1"}
{"action":{"alias":{"address":"N\u0000sourcecred\u0000github\u0000USERLIKE\u0000USER\u0000FishmanL\u0000","description":"github/[@FishmanL](https://github.com/FishmanL)"},"identityId":"agkXXXkpqlwaB9xIDHBZeg","type":"ADD_ALIAS"},"ledgerTimestamp":1599864754569,"uuid":"7AjYARIGEbPL7Jd4Wdqikw","version":"1"}
{"action":{"identity":{"address":"N\u0000sourcecred\u0000core\u0000IDENTITY\u0000otjCPuxQEljqBQl1vLwFPQ\u0000","aliases":[],"id":"otjCPuxQEljqBQl1vLwFPQ","name":"jingjang99","subtype":"USER"},"type":"CREATE_IDENTITY"},"ledgerTimestamp":1599864754570,"uuid":"PUy3hoMllTJBXA6pF2QoLw","version":"1"}
{"action":{"alias":{"address":"N\u0000sourcecred\u0000github\u0000USERLIKE\u0000USER\u0000jingjang99\u0000","description":"github/[@jingjang99](https://github.com/jingjang99)"},"identityId":"otjCPuxQEljqBQl1vLwFPQ","type":"ADD_ALIAS"},"ledgerTimestamp":1599864754570,"uuid":"8EVkl4vIys1krXKPi3bpng","version":"1"}
{"action":{"identity":{"address":"N\u0000sourcecred\u0000core\u0000IDENTITY\u0000T9KHqG6BxkF1mYKUe15D4A\u0000","aliases":[],"id":"T9KHqG6BxkF1mYKUe15D4A","name":"fmrsoares","subtype":"USER"},"type":"CREATE_IDENTITY"},"ledgerTimestamp":1599864754570,"uuid":"fY1HQxbIri5K3MG19YZkMw","version":"1"}
{"action":{"alias":{"address":"N\u0000sourcecred\u0000github\u0000USERLIKE\u0000USER\u0000fmrsoares\u0000","description":"github/[@fmrsoares](https://github.com/fmrsoares)"},"identityId":"T9KHqG6BxkF1mYKUe15D4A","type":"ADD_ALIAS"},"ledgerTimestamp":1599864754570,"uuid":"3bx8CljnEj1O7cMJwMx0uQ","version":"1"}
{"action":{"identity":{"address":"N\u0000sourcecred\u0000core\u0000IDENTITY\u00003RBTwpEFD34OMmTBJjMNzA\u0000","aliases":[],"id":"3RBTwpEFD34OMmTBJjMNzA","name":"taariq","subtype":"USER"},"type":"CREATE_IDENTITY"},"ledgerTimestamp":1599864754570,"uuid":"26Dc1k7s5C7h4y5Xzr8arw","version":"1"}
{"action":{"alias":{"address":"N\u0000sourcecred\u0000github\u0000USERLIKE\u0000USER\u0000taariq\u0000","description":"github/[@taariq](https://github.com/taariq)"},"identityId":"3RBTwpEFD34OMmTBJjMNzA","type":"ADD_ALIAS"},"ledgerTimestamp":1599864754570,"uuid":"tjcdmvzaK8YjjonfWborXw","version":"1"}
{"action":{"identity":{"address":"N\u0000sourcecred\u0000core\u0000IDENTITY\u0000BqqlfN2iQ2a1z0b8SJGFag\u0000","aliases":[],"id":"BqqlfN2iQ2a1z0b8SJGFag","name":"dependabot","subtype":"BOT"},"type":"CREATE_IDENTITY"},"ledgerTimestamp":1599864754570,"uuid":"LM8d3gSlpGWASEof3SGK6w","version":"1"}
{"action":{"alias":{"address":"N\u0000sourcecred\u0000github\u0000USERLIKE\u0000BOT\u0000dependabot\u0000","description":"github/[@dependabot](https://github.com/apps/dependabot)"},"identityId":"BqqlfN2iQ2a1z0b8SJGFag","type":"ADD_ALIAS"},"ledgerTimestamp":1599864754571,"uuid":"yju5woF71ahkavZkGX4CWA","version":"1"}
{"action":{"identity":{"address":"N\u0000sourcecred\u0000core\u0000IDENTITY\u0000CPiaH71HErbQWLDkD7X3fQ\u0000","aliases":[],"id":"CPiaH71HErbQWLDkD7X3fQ","name":"AronVanAmmers","subtype":"USER"},"type":"CREATE_IDENTITY"},"ledgerTimestamp":1599864754571,"uuid":"W627KJYQEKnYg9ExbBIPBQ","version":"1"}
{"action":{"alias":{"address":"N\u0000sourcecred\u0000github\u0000USERLIKE\u0000USER\u0000AronVanAmmers\u0000","description":"github/[@AronVanAmmers](https://github.com/AronVanAmmers)"},"identityId":"CPiaH71HErbQWLDkD7X3fQ","type":"ADD_ALIAS"},"ledgerTimestamp":1599864754571,"uuid":"dNO4XdglGRuYRjhqgdRKYA","version":"1"}
{"action":{"identity":{"address":"N\u0000sourcecred\u0000core\u0000IDENTITY\u0000GTEz2ZgeL04w1vBkhl4hMQ\u0000","aliases":[],"id":"GTEz2ZgeL04w1vBkhl4hMQ","name":"mabalaru","subtype":"USER"},"type":"CREATE_IDENTITY"},"ledgerTimestamp":1599864754571,"uuid":"BaDFrhy4LdkoB9HaQnVQeQ","version":"1"}
{"action":{"alias":{"address":"N\u0000sourcecred\u0000github\u0000USERLIKE\u0000USER\u0000mabalaru\u0000","description":"github/[@mabalaru](https://github.com/mabalaru)"},"identityId":"GTEz2ZgeL04w1vBkhl4hMQ","type":"ADD_ALIAS"},"ledgerTimestamp":1599864754571,"uuid":"oOxLflEOUeIW2VzwiOnILg","version":"1"}
{"action":{"identity":{"address":"N\u0000sourcecred\u0000core\u0000IDENTITY\u00001YNqUEk5kgLNWcVnD9qSvg\u0000","aliases":[],"id":"1YNqUEk5kgLNWcVnD9qSvg","name":"DerekfromMadison","subtype":"USER"},"type":"CREATE_IDENTITY"},"ledgerTimestamp":1599864754571,"uuid":"YledeDJB81kJhXBioSZAPw","version":"1"}
{"action":{"alias":{"address":"N\u0000sourcecred\u0000github\u0000USERLIKE\u0000USER\u0000DerekfromMadison\u0000","description":"github/[@DerekfromMadison](https://github.com/DerekfromMadison)"},"identityId":"1YNqUEk5kgLNWcVnD9qSvg","type":"ADD_ALIAS"},"ledgerTimestamp":1599864754571,"uuid":"M6HxXgVedbAk76QoCZlDNQ","version":"1"}
{"action":{"identity":{"address":"N\u0000sourcecred\u0000core\u0000IDENTITY\u0000bmSJAt6JkNY6nbpsrqaHBA\u0000","aliases":[],"id":"bmSJAt6JkNY6nbpsrqaHBA","name":"azure-pipelines","subtype":"USER"},"type":"CREATE_IDENTITY"},"ledgerTimestamp":1599864754572,"uuid":"GSlovgbzsktmwNqkh4tMxg","version":"1"}
{"action":{"alias":{"address":"N\u0000sourcecred\u0000github\u0000USERLIKE\u0000USER\u0000azure-pipelines\u0000","description":"github/[@azure-pipelines](https://github.com/apps/azure-pipelines)"},"identityId":"bmSJAt6JkNY6nbpsrqaHBA","type":"ADD_ALIAS"},"ledgerTimestamp":1599864754572,"uuid":"dtom1OpqCE7O8kLdQ5X0vg","version":"1"}
{"action":{"identity":{"address":"N\u0000sourcecred\u0000core\u0000IDENTITY\u00004ZfgzcX7GBids1BCMC7FdA\u0000","aliases":[],"id":"4ZfgzcX7GBids1BCMC7FdA","name":"alexanderbez","subtype":"USER"},"type":"CREATE_IDENTITY"},"ledgerTimestamp":1599864754572,"uuid":"B980PRzP1UeOEowf9j25LA","version":"1"}
{"action":{"alias":{"address":"N\u0000sourcecred\u0000github\u0000USERLIKE\u0000USER\u0000alexanderbez\u0000","description":"github/[@alexanderbez](https://github.com/alexanderbez)"},"identityId":"4ZfgzcX7GBids1BCMC7FdA","type":"ADD_ALIAS"},"ledgerTimestamp":1599864754572,"uuid":"HLaPPY6PI0EllM0ybrDfDQ","version":"1"}
{"action":{"identity":{"address":"N\u0000sourcecred\u0000core\u0000IDENTITY\u0000bH2oktnG9rKIV2qOQSbjgQ\u0000","aliases":[],"id":"bH2oktnG9rKIV2qOQSbjgQ","name":"mad-scientist-ai","subtype":"USER"},"type":"CREATE_IDENTITY"},"ledgerTimestamp":1599864754572,"uuid":"K95HWY22AOCjryPRnk8o8A","version":"1"}
{"action":{"alias":{"address":"N\u0000sourcecred\u0000github\u0000USERLIKE\u0000USER\u0000mad-scientist-ai\u0000","description":"github/[@mad-scientist-ai](https://github.com/mad-scientist-ai)"},"identityId":"bH2oktnG9rKIV2qOQSbjgQ","type":"ADD_ALIAS"},"ledgerTimestamp":1599864754572,"uuid":"9A6TQCDNMJKeKxYPCny1NQ","version":"1"}
{"action":{"identityId":"xc5zDm2QVWDLeOoHPzmQaQ","type":"TOGGLE_ACTIVATION"},"ledgerTimestamp":1599864769267,"uuid":"nuvJerJWD3VKypGol4kyJA","version":"1"}
{"action":{"identityId":"QLL9NzE7nNi7ae925U6qqw","type":"TOGGLE_ACTIVATION"},"ledgerTimestamp":1599864776798,"uuid":"VXAQ2c7ZsvOF91oN9OYZbw","version":"1"}
{"action":{"identityId":"rxoaVYeAoQ1NQyGPt3P6Nw","type":"TOGGLE_ACTIVATION"},"ledgerTimestamp":1599864782443,"uuid":"taVxM47lEbJ8endSoGgJHQ","version":"1"}
{"action":{"identityId":"IdmgQAcP8a5HpDJfm979gg","type":"TOGGLE_ACTIVATION"},"ledgerTimestamp":1599864795803,"uuid":"a68IqLMZbp5CJg5vK1iQvQ","version":"1"}
{"action":{"identityId":"AWcktl9zhljNLGECpQPWKQ","type":"TOGGLE_ACTIVATION"},"ledgerTimestamp":1599864810966,"uuid":"yk2zPumW23fQ03j9gnLOKg","version":"1"}
{"action":{"identityId":"RSrfgRfO9y3NkeT6aYD2zQ","type":"TOGGLE_ACTIVATION"},"ledgerTimestamp":1599864832489,"uuid":"M9b7vA00Rt0JJjAqX7LbNg","version":"1"}
{"action":{"identityId":"5x3VqlHAw3aXoU5VM9nBKA","type":"TOGGLE_ACTIVATION"},"ledgerTimestamp":1599864884845,"uuid":"BfJk00jCyqz2zRbXYcaImw","version":"1"}
{"action":{"identityId":"Li6a07dqt5hymvPxMoyoCA","type":"TOGGLE_ACTIVATION"},"ledgerTimestamp":1599864908419,"uuid":"yWIQ5LGzATWC3OFmqOzIqQ","version":"1"}
{"action":{"identityId":"R4Vhzym2fQ0giB4UnAQR7g","type":"TOGGLE_ACTIVATION"},"ledgerTimestamp":1599864922418,"uuid":"zKU8vhEWG6KoywNHAEpuqw","version":"1"}
{"action":{"identityId":"Wgv2aqkUXgbkXxgYNAuoDA","type":"TOGGLE_ACTIVATION"},"ledgerTimestamp":1599864929000,"uuid":"rRNRer3mkmgjDGTpOgOPrA","version":"1"}
{"action":{"identityId":"CPiaH71HErbQWLDkD7X3fQ","type":"TOGGLE_ACTIVATION"},"ledgerTimestamp":1599864935609,"uuid":"emLg0Y1C1QRQrh5TZK79kQ","version":"1"}
{"action":{"identityId":"gZd3wvoNlPYv8xv5EnIgEA","type":"TOGGLE_ACTIVATION"},"ledgerTimestamp":1599864943167,"uuid":"bLxnuxzQY01SgUxUKbkfZA","version":"1"}
{"action":{"identityId":"VOggqrrAHnZoBjBXon3NXg","type":"TOGGLE_ACTIVATION"},"ledgerTimestamp":1599864960437,"uuid":"zNpfrXem0eEvKfdIAEJ8NA","version":"1"}
{"action":{"identityId":"agkXXXkpqlwaB9xIDHBZeg","type":"TOGGLE_ACTIVATION"},"ledgerTimestamp":1599864971505,"uuid":"Pn6SRSDXIWHbzIELDd2MDg","version":"1"}
{"action":{"identityId":"wRCdaZ4A7AP2MpKwVkCb9g","type":"TOGGLE_ACTIVATION"},"ledgerTimestamp":1599864984883,"uuid":"iWAr2NO6ia900DtMiVw40Q","version":"1"}
{"action":{"distribution":{"allocations":[{"id":"ZonkmRczHlKT0wE2mmqrUQ","policy":{"budget":"333000000000000000000","policyType":"IMMEDIATE"},"receipts":[{"amount":"73603717803280015360","id":"xc5zDm2QVWDLeOoHPzmQaQ"},{"amount":"8807476132695726080","id":"QLL9NzE7nNi7ae925U6qqw"},{"amount":"38053627090292097024","id":"rxoaVYeAoQ1NQyGPt3P6Nw"},{"amount":"129444778083864363008","id":"IdmgQAcP8a5HpDJfm979gg"},{"amount":"2221419048414","id":"R4Vhzym2fQ0giB4UnAQR7g"},{"amount":"7215404557620606976","id":"VOggqrrAHnZoBjBXon3NXg"},{"amount":"54066534363477622784","id":"AWcktl9zhljNLGECpQPWKQ"},{"amount":"240558230983244704","id":"wRCdaZ4A7AP2MpKwVkCb9g"},{"amount":"291646044","id":"Li6a07dqt5hymvPxMoyoCA"},{"amount":"45573255","id":"gZd3wvoNlPYv8xv5EnIgEA"},{"amount":"8637516627100526592","id":"5x3VqlHAw3aXoU5VM9nBKA"},{"amount":"11718434354177495040","id":"RSrfgRfO9y3NkeT6aYD2zQ"},{"amount":"7348371173120622","id":"Wgv2aqkUXgbkXxgYNAuoDA"},{"amount":"13220288978923126","id":"agkXXXkpqlwaB9xIDHBZeg"},{"amount":"1191381874599990971","id":"CPiaH71HErbQWLDkD7X3fQ"}]},{"id":"RcyXIzBogZ8E4fpOo6Rk3w","policy":{"budget":"888000000000000000000","policyType":"BALANCED"},"receipts":[{"amount":"269427569751636836352","id":"xc5zDm2QVWDLeOoHPzmQaQ"},{"amount":"11308936630967777280","id":"QLL9NzE7nNi7ae925U6qqw"},{"amount":"61202112452865597440","id":"rxoaVYeAoQ1NQyGPt3P6Nw"},{"amount":"321763006041332776960","id":"IdmgQAcP8a5HpDJfm979gg"},{"amount":"2241965631049386752","id":"R4Vhzym2fQ0giB4UnAQR7g"},{"amount":"13105546648062087168","id":"VOggqrrAHnZoBjBXon3NXg"},{"amount":"118055851238375473152","id":"AWcktl9zhljNLGECpQPWKQ"},{"amount":"6934656264885648384","id":"wRCdaZ4A7AP2MpKwVkCb9g"},{"amount":"2636534506310583296","id":"Li6a07dqt5hymvPxMoyoCA"},{"amount":"529842827819863168","id":"gZd3wvoNlPYv8xv5EnIgEA"},{"amount":"16415303788352301056","id":"5x3VqlHAw3aXoU5VM9nBKA"},{"amount":"14708428991047254016","id":"RSrfgRfO9y3NkeT6aYD2zQ"},{"amount":"39640152034253733888","id":"Wgv2aqkUXgbkXxgYNAuoDA"},{"amount":"4415985302456764928","id":"agkXXXkpqlwaB9xIDHBZeg"},{"amount":"5614107890583916160","id":"CPiaH71HErbQWLDkD7X3fQ"}]}],"credTimestamp":1599350400000,"id":"5WxgfZDVlWWbOR9t73JIXg"},"type":"DISTRIBUTE_GRAIN"},"ledgerTimestamp":1599865058171,"uuid":"h1oMyNUqQwZZJTjd0NmaYQ","version":"1"}
{"action":{"distribution":{"allocations":[{"id":"uR1U5WOYPuvCbHW1C4m4Cg","policy":{"budget":"333000000000000000000","policyType":"IMMEDIATE"},"receipts":[{"amount":"98753172977337483264","id":"xc5zDm2QVWDLeOoHPzmQaQ"},{"amount":"5681318352603920384","id":"QLL9NzE7nNi7ae925U6qqw"},{"amount":"56700539769909698560","id":"rxoaVYeAoQ1NQyGPt3P6Nw"},{"amount":"90398811015245496320","id":"IdmgQAcP8a5HpDJfm979gg"},{"amount":"712053533866","id":"R4Vhzym2fQ0giB4UnAQR7g"},{"amount":"4892855878780635136","id":"VOggqrrAHnZoBjBXon3NXg"},{"amount":"52599733070275379200","id":"AWcktl9zhljNLGECpQPWKQ"},{"amount":"152171809526313056","id":"wRCdaZ4A7AP2MpKwVkCb9g"},{"amount":"88934042","id":"Li6a07dqt5hymvPxMoyoCA"},{"amount":"17575918","id":"gZd3wvoNlPYv8xv5EnIgEA"},{"amount":"5522707029147822080","id":"5x3VqlHAw3aXoU5VM9nBKA"},{"amount":"17527635492973821952","id":"RSrfgRfO9y3NkeT6aYD2zQ"},{"amount":"5145625157823325","id":"Wgv2aqkUXgbkXxgYNAuoDA"},{"amount":"8545585267520572","id":"agkXXXkpqlwaB9xIDHBZeg"},{"amount":"757362681614042325","id":"CPiaH71HErbQWLDkD7X3fQ"}]},{"id":"Y6BDiWYYYRDlnwN4Ig7XJw","policy":{"budget":"888000000000000000000","policyType":"BALANCED"},"receipts":[{"amount":"296205944527080587264","id":"xc5zDm2QVWDLeOoHPzmQaQ"},{"amount":"7154630391970017280","id":"QLL9NzE7nNi7ae925U6qqw"},{"amount":"55759790060652544000","id":"rxoaVYeAoQ1NQyGPt3P6Nw"},{"amount":"304317083476033011712","id":"IdmgQAcP8a5HpDJfm979gg"},{"amount":"2842048513567881728","id":"R4Vhzym2fQ0giB4UnAQR7g"},{"amount":"10798503782682546176","id":"VOggqrrAHnZoBjBXon3NXg"},{"amount":"110644289852358328320","id":"AWcktl9zhljNLGECpQPWKQ"},{"amount":"8593786893319589888","id":"wRCdaZ4A7AP2MpKwVkCb9g"},{"amount":"3342229778090724352","id":"Li6a07dqt5hymvPxMoyoCA"},{"amount":"671660648638089856","id":"gZd3wvoNlPYv8xv5EnIgEA"},{"amount":"13752327318817742848","id":"5x3VqlHAw3aXoU5VM9nBKA"},{"amount":"11943957703063658496","id":"RSrfgRfO9y3NkeT6aYD2zQ"},{"amount":"50244366346329718784","id":"Wgv2aqkUXgbkXxgYNAuoDA"},{"amount":"5587194471233695744","id":"agkXXXkpqlwaB9xIDHBZeg"},{"amount":"6142186236161863552","id":"CPiaH71HErbQWLDkD7X3fQ"}]}],"credTimestamp":1599955200000,"id":"JR2bDJwSz1HjzfBY37LgCg"},"type":"DISTRIBUTE_GRAIN"},"ledgerTimestamp":1600563725366,"uuid":"FWrqA4Kz2Tr3odMrO8GdAQ","version":"1"}
{"action":{"identity":{"address":"N\u0000sourcecred\u0000core\u0000IDENTITY\u0000ghQQzDWKwY5oCnVjiqT5Xg\u0000","aliases":[],"id":"ghQQzDWKwY5oCnVjiqT5Xg","name":"WhisperNode","subtype":"USER"},"type":"CREATE_IDENTITY"},"ledgerTimestamp":1605401597695,"uuid":"XprC4GLKf4BD7QKn794YUQ","version":"1"}
{"action":{"alias":{"address":"N\u0000sourcecred\u0000github\u0000USERLIKE\u0000USER\u0000WhisperNode\u0000","description":"github/[@WhisperNode](https://github.com/WhisperNode)"},"identityId":"ghQQzDWKwY5oCnVjiqT5Xg","type":"ADD_ALIAS"},"ledgerTimestamp":1605401597695,"uuid":"LUwhyyyQsOXBIXc3mEnU0g","version":"1"}
{"action":{"identity":{"address":"N\u0000sourcecred\u0000core\u0000IDENTITY\u0000WwDUktnuqfLMHO7VbATJkw\u0000","aliases":[],"id":"WwDUktnuqfLMHO7VbATJkw","name":"CarterLWoetzel","subtype":"USER"},"type":"CREATE_IDENTITY"},"ledgerTimestamp":1605401597695,"uuid":"9qLl5bjDRNSvOnkV5W9D8Q","version":"1"}
{"action":{"alias":{"address":"N\u0000sourcecred\u0000github\u0000USERLIKE\u0000USER\u0000CarterLWoetzel\u0000","description":"github/[@CarterLWoetzel](https://github.com/CarterLWoetzel)"},"identityId":"WwDUktnuqfLMHO7VbATJkw","type":"ADD_ALIAS"},"ledgerTimestamp":1605401597695,"uuid":"Xr4k8mhLlTekQ4arECLeTA","version":"1"}
{"action":{"identity":{"address":"N\u0000sourcecred\u0000core\u0000IDENTITY\u0000wq6Nqco0HW0ML1PdOpmbtQ\u0000","aliases":[],"id":"wq6Nqco0HW0ML1PdOpmbtQ","name":"Thunnini","subtype":"USER"},"type":"CREATE_IDENTITY"},"ledgerTimestamp":1605401597695,"uuid":"xagiVSb10UOQpNoySl1hvw","version":"1"}
{"action":{"alias":{"address":"N\u0000sourcecred\u0000github\u0000USERLIKE\u0000USER\u0000Thunnini\u0000","description":"github/[@Thunnini](https://github.com/Thunnini)"},"identityId":"wq6Nqco0HW0ML1PdOpmbtQ","type":"ADD_ALIAS"},"ledgerTimestamp":1605401597695,"uuid":"MW6fX1sAoDnqz5DaTrFdWA","version":"1"}
{"action":{"identity":{"address":"N\u0000sourcecred\u0000core\u0000IDENTITY\u00000SEOuqSRVjQz7YEG2zx16w\u0000","aliases":[],"id":"0SEOuqSRVjQz7YEG2zx16w","name":"baedrik","subtype":"USER"},"type":"CREATE_IDENTITY"},"ledgerTimestamp":1605401597695,"uuid":"SDX43oGH2Zy6QT0Wz5LQEA","version":"1"}
{"action":{"alias":{"address":"N\u0000sourcecred\u0000github\u0000USERLIKE\u0000USER\u0000baedrik\u0000","description":"github/[@baedrik](https://github.com/baedrik)"},"identityId":"0SEOuqSRVjQz7YEG2zx16w","type":"ADD_ALIAS"},"ledgerTimestamp":1605401597696,"uuid":"llrBwfjsmFK9BcoPqomx3w","version":"1"}
{"action":{"identity":{"address":"N\u0000sourcecred\u0000core\u0000IDENTITY\u0000Gg38eULd52wkMyPmAV1W5g\u0000","aliases":[],"id":"Gg38eULd52wkMyPmAV1W5g","name":"zackgow","subtype":"USER"},"type":"CREATE_IDENTITY"},"ledgerTimestamp":1605401597696,"uuid":"jzTj7sehgUavq8ysQfO5dg","version":"1"}
{"action":{"alias":{"address":"N\u0000sourcecred\u0000github\u0000USERLIKE\u0000USER\u0000zackgow\u0000","description":"github/[@zackgow](https://github.com/zackgow)"},"identityId":"Gg38eULd52wkMyPmAV1W5g","type":"ADD_ALIAS"},"ledgerTimestamp":1605401597696,"uuid":"OhQvJiMNU4aovg7FaAgzVA","version":"1"}
{"action":{"identity":{"address":"N\u0000sourcecred\u0000core\u0000IDENTITY\u0000EFySQ9HjQXZeRvwh3NCMWg\u0000","aliases":[],"id":"EFySQ9HjQXZeRvwh3NCMWg","name":"johnniecosmos","subtype":"USER"},"type":"CREATE_IDENTITY"},"ledgerTimestamp":1605401597696,"uuid":"Jhel1T0uOZo1iMKrW410Gw","version":"1"}
{"action":{"alias":{"address":"N\u0000sourcecred\u0000github\u0000USERLIKE\u0000USER\u0000johnniecosmos\u0000","description":"github/[@johnniecosmos](https://github.com/johnniecosmos)"},"identityId":"EFySQ9HjQXZeRvwh3NCMWg","type":"ADD_ALIAS"},"ledgerTimestamp":1605401597696,"uuid":"reWmheKC8sOwIz4n58fL9w","version":"1"}
{"action":{"distribution":{"allocations":[{"id":"03SG0VJBz6BJ8JrYD2HKSg","policy":{"budget":"333000000000000000000","policyType":"IMMEDIATE"},"receipts":[{"amount":"122931903771661221888","id":"xc5zDm2QVWDLeOoHPzmQaQ"},{"amount":"5683366642792483840","id":"QLL9NzE7nNi7ae925U6qqw"},{"amount":"43175329099951095808","id":"rxoaVYeAoQ1NQyGPt3P6Nw"},{"amount":"79389691451477819392","id":"IdmgQAcP8a5HpDJfm979gg"},{"amount":"159827699293","id":"R4Vhzym2fQ0giB4UnAQR7g"},{"amount":"4556012718512843776","id":"VOggqrrAHnZoBjBXon3NXg"},{"amount":"33562333126838386688","id":"AWcktl9zhljNLGECpQPWKQ"},{"amount":"99954381506854096","id":"wRCdaZ4A7AP2MpKwVkCb9g"},{"amount":"22773671","id":"Li6a07dqt5hymvPxMoyoCA"},{"amount":"5109393","id":"gZd3wvoNlPYv8xv5EnIgEA"},{"amount":"18499696720350552064","id":"5x3VqlHAw3aXoU5VM9nBKA"},{"amount":"11349265675260913664","id":"RSrfgRfO9y3NkeT6aYD2zQ"},{"amount":"13262705942096064512","id":"Wgv2aqkUXgbkXxgYNAuoDA"},{"amount":"5590121262717807","id":"agkXXXkpqlwaB9xIDHBZeg"},{"amount":"484150188433464108","id":"CPiaH71HErbQWLDkD7X3fQ"}]},{"id":"gaac1AjYkhOSrTRyJVBUKw","policy":{"budget":"888000000000000000000","policyType":"BALANCED"},"receipts":[{"amount":"278328631995950563328","id":"xc5zDm2QVWDLeOoHPzmQaQ"},{"amount":"10578878582202517504","id":"QLL9NzE7nNi7ae925U6qqw"},{"amount":"39223821511031644160","id":"rxoaVYeAoQ1NQyGPt3P6Nw"},{"amount":"334586805123217883136","id":"IdmgQAcP8a5HpDJfm979gg"},{"amount":"2617530004660099584","id":"R4Vhzym2fQ0giB4UnAQR7g"},{"amount":"12996314066888370176","id":"VOggqrrAHnZoBjBXon3NXg"},{"amount":"107668237070890975232","id":"AWcktl9zhljNLGECpQPWKQ"},{"amount":"8134053039320892416","id":"wRCdaZ4A7AP2MpKwVkCb9g"},{"amount":"2810459633250641408","id":"Li6a07dqt5hymvPxMoyoCA"},{"amount":"618126355116497792","id":"gZd3wvoNlPYv8xv5EnIgEA"},{"amount":"21026169007438127104","id":"5x3VqlHAw3aXoU5VM9nBKA"},{"amount":"6407217899622966272","id":"RSrfgRfO9y3NkeT6aYD2zQ"},{"amount":"51481497054800486400","id":"Wgv2aqkUXgbkXxgYNAuoDA"},{"amount":"5283142298027503616","id":"agkXXXkpqlwaB9xIDHBZeg"},{"amount":"6239116357580831872","id":"CPiaH71HErbQWLDkD7X3fQ"}]}],"credTimestamp":1600560000000,"id":"mr2fLj6TExD7en1CezPxGQ"},"type":"DISTRIBUTE_GRAIN"},"ledgerTimestamp":1605401603025,"uuid":"Lg1UmGHBBE9PPCYiwywlzQ","version":"1"}
{"action":{"distribution":{"allocations":[{"id":"yhYtGprzNYzl2j7yn4Qzjg","policy":{"budget":"333000000000000000000","policyType":"IMMEDIATE"},"receipts":[{"amount":"125008075868520939520","id":"xc5zDm2QVWDLeOoHPzmQaQ"},{"amount":"3916967701758744576","id":"QLL9NzE7nNi7ae925U6qqw"},{"amount":"33068348649795719168","id":"rxoaVYeAoQ1NQyGPt3P6Nw"},{"amount":"100074834054351077376","id":"IdmgQAcP8a5HpDJfm979gg"},{"amount":"26527865945","id":"R4Vhzym2fQ0giB4UnAQR7g"},{"amount":"4162798832961175040","id":"VOggqrrAHnZoBjBXon3NXg"},{"amount":"42175664565031469056","id":"AWcktl9zhljNLGECpQPWKQ"},{"amount":"61867907466001384","id":"wRCdaZ4A7AP2MpKwVkCb9g"},{"amount":"5439274","id":"Li6a07dqt5hymvPxMoyoCA"},{"amount":"1483714","id":"gZd3wvoNlPYv8xv5EnIgEA"},{"amount":"10484238073896517632","id":"5x3VqlHAw3aXoU5VM9nBKA"},{"amount":"6332384540675849216","id":"RSrfgRfO9y3NkeT6aYD2zQ"},{"amount":"7433651252868110336","id":"Wgv2aqkUXgbkXxgYNAuoDA"},{"amount":"2797507245106483","id":"agkXXXkpqlwaB9xIDHBZeg"},{"amount":"278371018894501280","id":"CPiaH71HErbQWLDkD7X3fQ"}]},{"id":"cMojOx2EXuYHlyPoDlKylQ","policy":{"budget":"888000000000000000000","policyType":"BALANCED"},"receipts":[{"amount":"258239021200287072256","id":"xc5zDm2QVWDLeOoHPzmQaQ"},{"amount":"10119109145878177792","id":"QLL9NzE7nNi7ae925U6qqw"},{"amount":"51742617135490080768","id":"rxoaVYeAoQ1NQyGPt3P6Nw"},{"amount":"346911825057199947776","id":"IdmgQAcP8a5HpDJfm979gg"},{"amount":"2543179166659587584","id":"R4Vhzym2fQ0giB4UnAQR7g"},{"amount":"13144792326086803456","id":"VOggqrrAHnZoBjBXon3NXg"},{"amount":"128108120800075612160","id":"AWcktl9zhljNLGECpQPWKQ"},{"amount":"7866033432711212032","id":"wRCdaZ4A7AP2MpKwVkCb9g"},{"amount":"2902348351427585536","id":"Li6a07dqt5hymvPxMoyoCA"},{"amount":"600872123786068992","id":"gZd3wvoNlPYv8xv5EnIgEA"},{"amount":"6902795371441724416","id":"5x3VqlHAw3aXoU5VM9nBKA"},{"amount":"11533260603431708672","id":"RSrfgRfO9y3NkeT6aYD2zQ"},{"amount":"36132401028461920256","id":"Wgv2aqkUXgbkXxgYNAuoDA"},{"amount":"5050415564864171008","id":"agkXXXkpqlwaB9xIDHBZeg"},{"amount":"6203208692198327296","id":"CPiaH71HErbQWLDkD7X3fQ"}]}],"credTimestamp":1601164800000,"id":"uPHOhd7dWBqbes16dTjdjA"},"type":"DISTRIBUTE_GRAIN"},"ledgerTimestamp":1605401603054,"uuid":"yPziQBpkoIx5bV0nu53bIQ","version":"1"}
{"action":{"distribution":{"allocations":[{"id":"zubzBsQl6zn8Ue3MZtO1sQ","policy":{"budget":"333000000000000000000","policyType":"IMMEDIATE"},"receipts":[{"amount":"111436172202004627456","id":"xc5zDm2QVWDLeOoHPzmQaQ"},{"amount":"3271347143186442752","id":"QLL9NzE7nNi7ae925U6qqw"},{"amount":"39859028900809252864","id":"rxoaVYeAoQ1NQyGPt3P6Nw"},{"amount":"88542566049739653120","id":"IdmgQAcP8a5HpDJfm979gg"},{"amount":"6643449712","id":"R4Vhzym2fQ0giB4UnAQR7g"},{"amount":"3228765353375373312","id":"VOggqrrAHnZoBjBXon3NXg"},{"amount":"65248535193479315456","id":"AWcktl9zhljNLGECpQPWKQ"},{"amount":"52283810136039808","id":"wRCdaZ4A7AP2MpKwVkCb9g"},{"amount":"2580261","id":"Li6a07dqt5hymvPxMoyoCA"},{"amount":"630109","id":"gZd3wvoNlPYv8xv5EnIgEA"},{"amount":"9178558393930814464","id":"5x3VqlHAw3aXoU5VM9nBKA"},{"amount":"5460744752968687616","id":"RSrfgRfO9y3NkeT6aYD2zQ"},{"amount":"6477655852039333888","id":"Wgv2aqkUXgbkXxgYNAuoDA"},{"amount":"2152186502473916","id":"agkXXXkpqlwaB9xIDHBZeg"},{"amount":"242190155181325266","id":"CPiaH71HErbQWLDkD7X3fQ"}]},{"id":"KQlykV7QDhXRHLHn0MjQlQ","policy":{"budget":"888000000000000000000","policyType":"BALANCED"},"receipts":[{"amount":"252354926560118931456","id":"xc5zDm2QVWDLeOoHPzmQaQ"},{"amount":"11718973624735125504","id":"QLL9NzE7nNi7ae925U6qqw"},{"amount":"63569257120586686464","id":"rxoaVYeAoQ1NQyGPt3P6Nw"},{"amount":"323348112611205840896","id":"IdmgQAcP8a5HpDJfm979gg"},{"amount":"2550447128981236736","id":"R4Vhzym2fQ0giB4UnAQR7g"},{"amount":"13298087510519312384","id":"VOggqrrAHnZoBjBXon3NXg"},{"amount":"125613489463396958208","id":"AWcktl9zhljNLGECpQPWKQ"},{"amount":"7923703356695547904","id":"wRCdaZ4A7AP2MpKwVkCb9g"},{"amount":"2910642610296197632","id":"Li6a07dqt5hymvPxMoyoCA"},{"amount":"602589281183478144","id":"gZd3wvoNlPYv8xv5EnIgEA"},{"amount":"14535872239237724160","id":"5x3VqlHAw3aXoU5VM9nBKA"},{"amount":"16318789106594232320","id":"RSrfgRfO9y3NkeT6aYD2zQ"},{"amount":"41772033573631795200","id":"Wgv2aqkUXgbkXxgYNAuoDA"},{"amount":"5067457221179637760","id":"agkXXXkpqlwaB9xIDHBZeg"},{"amount":"6415618591637295232","id":"CPiaH71HErbQWLDkD7X3fQ"}]}],"credTimestamp":1601769600000,"id":"HQlQw2O8vcnIZKvSbyU6WQ"},"type":"DISTRIBUTE_GRAIN"},"ledgerTimestamp":1605401603081,"uuid":"dQtgGgGXO9YE1pykvVodKA","version":"1"}
{"action":{"distribution":{"allocations":[{"id":"ord5xyI105Qb6rN1enMaSQ","policy":{"budget":"333000000000000000000","policyType":"IMMEDIATE"},"receipts":[{"amount":"94287773265362616320","id":"xc5zDm2QVWDLeOoHPzmQaQ"},{"amount":"2695288210516061696","id":"QLL9NzE7nNi7ae925U6qqw"},{"amount":"66768574967166361600","id":"rxoaVYeAoQ1NQyGPt3P6Nw"},{"amount":"76279202567678214144","id":"IdmgQAcP8a5HpDJfm979gg"},{"amount":"1308809601","id":"R4Vhzym2fQ0giB4UnAQR7g"},{"amount":"2799489531690501120","id":"VOggqrrAHnZoBjBXon3NXg"},{"amount":"72658070012340609024","id":"AWcktl9zhljNLGECpQPWKQ"},{"amount":"42061207581931848","id":"wRCdaZ4A7AP2MpKwVkCb9g"},{"amount":"1400649","id":"Li6a07dqt5hymvPxMoyoCA"},{"amount":"248170","id":"gZd3wvoNlPYv8xv5EnIgEA"},{"amount":"7581843444935362560","id":"5x3VqlHAw3aXoU5VM9nBKA"},{"amount":"4432023034893788672","id":"RSrfgRfO9y3NkeT6aYD2zQ"},{"amount":"5255795752244549632","id":"Wgv2aqkUXgbkXxgYNAuoDA"},{"amount":"1577106413314059","id":"agkXXXkpqlwaB9xIDHBZeg"},{"amount":"198300897866230905","id":"CPiaH71HErbQWLDkD7X3fQ"}]},{"id":"HpVWiOK3HBqvXbJZTOBImQ","policy":{"budget":"888000000000000000000","policyType":"BALANCED"},"receipts":[{"amount":"262384134095824289792","id":"xc5zDm2QVWDLeOoHPzmQaQ"},{"amount":"12260065599289976832","id":"QLL9NzE7nNi7ae925U6qqw"},{"amount":"62033659881344671744","id":"rxoaVYeAoQ1NQyGPt3P6Nw"},{"amount":"332720756070695174144","id":"IdmgQAcP8a5HpDJfm979gg"},{"amount":"2558320773641352704","id":"R4Vhzym2fQ0giB4UnAQR7g"},{"amount":"14163206885197557760","id":"VOggqrrAHnZoBjBXon3NXg"},{"amount":"103809097788265824256","id":"AWcktl9zhljNLGECpQPWKQ"},{"amount":"7955293913547791360","id":"wRCdaZ4A7AP2MpKwVkCb9g"},{"amount":"2919628215454150656","id":"Li6a07dqt5hymvPxMoyoCA"},{"amount":"604449567752038144","id":"gZd3wvoNlPYv8xv5EnIgEA"},{"amount":"15494008307294070784","id":"5x3VqlHAw3aXoU5VM9nBKA"},{"amount":"16991804034499639296","id":"RSrfgRfO9y3NkeT6aYD2zQ"},{"amount":"42561056544135389184","id":"Wgv2aqkUXgbkXxgYNAuoDA"},{"amount":"5083615270596029440","id":"agkXXXkpqlwaB9xIDHBZeg"},{"amount":"6460903052462043904","id":"CPiaH71HErbQWLDkD7X3fQ"}]}],"credTimestamp":1602374400000,"id":"wPWpGZ6zR9jZcnxy9uLwjA"},"type":"DISTRIBUTE_GRAIN"},"ledgerTimestamp":1605401603100,"uuid":"r2mq2H73zgupv9QvH6RYOg","version":"1"}
{"action":{"distribution":{"allocations":[{"id":"xR8XYRR6yEB7t8hG3GwViw","policy":{"budget":"333000000000000000000","policyType":"IMMEDIATE"},"receipts":[{"amount":"52735613407722274816","id":"xc5zDm2QVWDLeOoHPzmQaQ"},{"amount":"1443760213745423360","id":"QLL9NzE7nNi7ae925U6qqw"},{"amount":"92754959626077667328","id":"rxoaVYeAoQ1NQyGPt3P6Nw"},{"amount":"124498612218571407360","id":"IdmgQAcP8a5HpDJfm979gg"},{"amount":"270514205","id":"R4Vhzym2fQ0giB4UnAQR7g"},{"amount":"1190575011750364928","id":"VOggqrrAHnZoBjBXon3NXg"},{"amount":"50350289324925870080","id":"AWcktl9zhljNLGECpQPWKQ"},{"amount":"21994682889895516","id":"wRCdaZ4A7AP2MpKwVkCb9g"},{"amount":"389041","id":"Li6a07dqt5hymvPxMoyoCA"},{"amount":"77748","id":"gZd3wvoNlPYv8xv5EnIgEA"},{"amount":"4120611968828967936","id":"5x3VqlHAw3aXoU5VM9nBKA"},{"amount":"2589830931384335360","id":"RSrfgRfO9y3NkeT6aYD2zQ"},{"amount":"3173308299406298112","id":"Wgv2aqkUXgbkXxgYNAuoDA"},{"amount":"532770378683008","id":"agkXXXkpqlwaB9xIDHBZeg"},{"amount":"119911544047831202","id":"CPiaH71HErbQWLDkD7X3fQ"}]},{"id":"7ektvAHjyDtrOzpK71wYmA","policy":{"budget":"888000000000000000000","policyType":"BALANCED"},"receipts":[{"amount":"271576781112429838336","id":"xc5zDm2QVWDLeOoHPzmQaQ"},{"amount":"12568916527791005696","id":"QLL9NzE7nNi7ae925U6qqw"},{"amount":"40819611555665641472","id":"rxoaVYeAoQ1NQyGPt3P6Nw"},{"amount":"353215910671105720320","id":"IdmgQAcP8a5HpDJfm979gg"},{"amount":"2543625620990827520","id":"R4Vhzym2fQ0giB4UnAQR7g"},{"amount":"14249743623437991936","id":"VOggqrrAHnZoBjBXon3NXg"},{"amount":"92774285347280289792","id":"AWcktl9zhljNLGECpQPWKQ"},{"amount":"7916642275707104256","id":"wRCdaZ4A7AP2MpKwVkCb9g"},{"amount":"2902857684673196544","id":"Li6a07dqt5hymvPxMoyoCA"},{"amount":"600977570863035392","id":"gZd3wvoNlPYv8xv5EnIgEA"},{"amount":"16459430300841947136","id":"5x3VqlHAw3aXoU5VM9nBKA"},{"amount":"17639343908835508224","id":"RSrfgRfO9y3NkeT6aYD2zQ"},{"amount":"43221297532237389824","id":"Wgv2aqkUXgbkXxgYNAuoDA"},{"amount":"5054814697690432512","id":"agkXXXkpqlwaB9xIDHBZeg"},{"amount":"6455761570450071040","id":"CPiaH71HErbQWLDkD7X3fQ"}]}],"credTimestamp":1602979200000,"id":"IdHAmz4fahv6wzbjM5sznQ"},"type":"DISTRIBUTE_GRAIN"},"ledgerTimestamp":1605401603119,"uuid":"FZ4X5tdekIRETnZFgu6ltw","version":"1"}
{"action":{"distribution":{"allocations":[{"id":"uKOg6vJEnI2M7swzM7tXuQ","policy":{"budget":"333000000000000000000","policyType":"IMMEDIATE"},"receipts":[{"amount":"27991648927948197888","id":"xc5zDm2QVWDLeOoHPzmQaQ"},{"amount":"623820270184132608","id":"QLL9NzE7nNi7ae925U6qqw"},{"amount":"115110051542849929216","id":"rxoaVYeAoQ1NQyGPt3P6Nw"},{"amount":"103133519235417653248","id":"IdmgQAcP8a5HpDJfm979gg"},{"amount":"43608085","id":"R4Vhzym2fQ0giB4UnAQR7g"},{"amount":"1127967870828810752","id":"VOggqrrAHnZoBjBXon3NXg"},{"amount":"53612108555064508416","id":"AWcktl9zhljNLGECpQPWKQ"},{"amount":"8179199832555340","id":"wRCdaZ4A7AP2MpKwVkCb9g"},{"amount":"28532905725958520832","id":"Li6a07dqt5hymvPxMoyoCA"},{"amount":"19260","id":"gZd3wvoNlPYv8xv5EnIgEA"},{"amount":"1236983347543726080","id":"5x3VqlHAw3aXoU5VM9nBKA"},{"amount":"684301280219468800","id":"RSrfgRfO9y3NkeT6aYD2zQ"},{"amount":"904954520641710592","id":"Wgv2aqkUXgbkXxgYNAuoDA"},{"amount":"153635353881731","id":"agkXXXkpqlwaB9xIDHBZeg"},{"amount":"33405888113277152","id":"CPiaH71HErbQWLDkD7X3fQ"}]},{"id":"1GnY5G2xkauJ1rrgpcvntA","policy":{"budget":"888000000000000000000","policyType":"BALANCED"},"receipts":[{"amount":"287728519372848922624","id":"xc5zDm2QVWDLeOoHPzmQaQ"},{"amount":"12627269510509449216","id":"QLL9NzE7nNi7ae925U6qqw"},{"amount":"44115486342488752128","id":"rxoaVYeAoQ1NQyGPt3P6Nw"},{"amount":"297600925746541035520","id":"IdmgQAcP8a5HpDJfm979gg"},{"amount":"2333474653383669248","id":"R4Vhzym2fQ0giB4UnAQR7g"},{"amount":"14782531857725947904","id":"VOggqrrAHnZoBjBXon3NXg"},{"amount":"118136782240765755392","id":"AWcktl9zhljNLGECpQPWKQ"},{"amount":"7279609548992220160","id":"wRCdaZ4A7AP2MpKwVkCb9g"},{"amount":"15518822029096181760","id":"Li6a07dqt5hymvPxMoyoCA"},{"amount":"551325602612963328","id":"gZd3wvoNlPYv8xv5EnIgEA"},{"amount":"17883433221145255936","id":"5x3VqlHAw3aXoU5VM9nBKA"},{"amount":"17584023756522747904","id":"RSrfgRfO9y3NkeT6aYD2zQ"},{"amount":"41237948352873914368","id":"Wgv2aqkUXgbkXxgYNAuoDA"},{"amount":"4638097234110204928","id":"agkXXXkpqlwaB9xIDHBZeg"},{"amount":"5981750530382979584","id":"CPiaH71HErbQWLDkD7X3fQ"}]}],"credTimestamp":1603584000000,"id":"D4a1LrUKyVROT8JbF4JktQ"},"type":"DISTRIBUTE_GRAIN"},"ledgerTimestamp":1605401603138,"uuid":"Lc7uvWtzgDI1c552gaQ2ww","version":"1"}
{"action":{"distribution":{"allocations":[{"id":"gJSZzFApOcE27w9N4NaRKA","policy":{"budget":"333000000000000000000","policyType":"IMMEDIATE"},"receipts":[{"amount":"54452296784070598656","id":"xc5zDm2QVWDLeOoHPzmQaQ"},{"amount":"317967480920474240","id":"QLL9NzE7nNi7ae925U6qqw"},{"amount":"49246774490859692032","id":"rxoaVYeAoQ1NQyGPt3P6Nw"},{"amount":"126794148572526149632","id":"IdmgQAcP8a5HpDJfm979gg"},{"amount":"2422606","id":"R4Vhzym2fQ0giB4UnAQR7g"},{"amount":"933078000216306688","id":"VOggqrrAHnZoBjBXon3NXg"},{"amount":"39877799754671636480","id":"AWcktl9zhljNLGECpQPWKQ"},{"amount":"4561691269954608","id":"wRCdaZ4A7AP2MpKwVkCb9g"},{"amount":"54993923773325418496","id":"Li6a07dqt5hymvPxMoyoCA"},{"amount":"3631","id":"gZd3wvoNlPYv8xv5EnIgEA"},{"amount":"676073324702262400","id":"5x3VqlHAw3aXoU5VM9nBKA"},{"amount":"5210270363415946240","id":"RSrfgRfO9y3NkeT6aYD2zQ"},{"amount":"473696750216324608","id":"Wgv2aqkUXgbkXxgYNAuoDA"},{"amount":"43312741742260","id":"agkXXXkpqlwaB9xIDHBZeg"},{"amount":"19365701061067423","id":"CPiaH71HErbQWLDkD7X3fQ"}]},{"id":"cKSZ82pCBvxTmw0b0JMZUg","policy":{"budget":"888000000000000000000","policyType":"BALANCED"},"receipts":[{"amount":"319669847947413553152","id":"xc5zDm2QVWDLeOoHPzmQaQ"},{"amount":"13099776828625121280","id":"QLL9NzE7nNi7ae925U6qqw"},{"amount":"0","id":"rxoaVYeAoQ1NQyGPt3P6Nw"},{"amount":"327492534432775798784","id":"IdmgQAcP8a5HpDJfm979gg"},{"amount":"2292714227621346304","id":"R4Vhzym2fQ0giB4UnAQR7g"},{"amount":"14540133941880737792","id":"VOggqrrAHnZoBjBXon3NXg"},{"amount":"108726475408909860864","id":"AWcktl9zhljNLGECpQPWKQ"},{"amount":"7164723135555429376","id":"wRCdaZ4A7AP2MpKwVkCb9g"},{"amount":"0","id":"Li6a07dqt5hymvPxMoyoCA"},{"amount":"541695214566007104","id":"gZd3wvoNlPYv8xv5EnIgEA"},{"amount":"20201228394483912704","id":"5x3VqlHAw3aXoU5VM9nBKA"},{"amount":"21167633506444132352","id":"RSrfgRfO9y3NkeT6aYD2zQ"},{"amount":"42588565818433159168","id":"Wgv2aqkUXgbkXxgYNAuoDA"},{"amount":"4557409737499405824","id":"agkXXXkpqlwaB9xIDHBZeg"},{"amount":"5957261405791535296","id":"CPiaH71HErbQWLDkD7X3fQ"}]}],"credTimestamp":1604188800000,"id":"MfO5yTAghXQ65DBGB5yNNw"},"type":"DISTRIBUTE_GRAIN"},"ledgerTimestamp":1605401603155,"uuid":"wf6mLVWyLVbnnCExtxLBXQ","version":"1"}
{"action":{"distribution":{"allocations":[{"id":"5v8VgXz1t0vSxMMoBPCnlg","policy":{"budget":"333000000000000000000","policyType":"IMMEDIATE"},"receipts":[{"amount":"38417768969805176832","id":"xc5zDm2QVWDLeOoHPzmQaQ"},{"amount":"36126599287197507584","id":"QLL9NzE7nNi7ae925U6qqw"},{"amount":"57447821584890773504","id":"rxoaVYeAoQ1NQyGPt3P6Nw"},{"amount":"120371347507273711616","id":"IdmgQAcP8a5HpDJfm979gg"},{"amount":"281919","id":"R4Vhzym2fQ0giB4UnAQR7g"},{"amount":"462978995702468480","id":"VOggqrrAHnZoBjBXon3NXg"},{"amount":"20475897784432070656","id":"AWcktl9zhljNLGECpQPWKQ"},{"amount":"2405500813491207","id":"wRCdaZ4A7AP2MpKwVkCb9g"},{"amount":"28778769040870973440","id":"Li6a07dqt5hymvPxMoyoCA"},{"amount":"867","id":"gZd3wvoNlPYv8xv5EnIgEA"},{"amount":"364385736764662976","id":"5x3VqlHAw3aXoU5VM9nBKA"},{"amount":"30285417344616873984","id":"RSrfgRfO9y3NkeT6aYD2zQ"},{"amount":"256526100036040128","id":"Wgv2aqkUXgbkXxgYNAuoDA"},{"amount":"15203665073845","id":"agkXXXkpqlwaB9xIDHBZeg"},{"amount":"10066943930892962","id":"CPiaH71HErbQWLDkD7X3fQ"}]},{"id":"Ky9EB6XtnwF3u0PulM7BGA","policy":{"budget":"888000000000000000000","policyType":"BALANCED"},"receipts":[{"amount":"276492463385846874112","id":"xc5zDm2QVWDLeOoHPzmQaQ"},{"amount":"27471776440652324864","id":"QLL9NzE7nNi7ae925U6qqw"},{"amount":"60329994821288787968","id":"rxoaVYeAoQ1NQyGPt3P6Nw"},{"amount":"292115978482743443456","id":"IdmgQAcP8a5HpDJfm979gg"},{"amount":"2202473497317453568","id":"R4Vhzym2fQ0giB4UnAQR7g"},{"amount":"13981653467663622144","id":"VOggqrrAHnZoBjBXon3NXg"},{"amount":"110467952053128052736","id":"AWcktl9zhljNLGECpQPWKQ"},{"amount":"6885385410141984768","id":"wRCdaZ4A7AP2MpKwVkCb9g"},{"amount":"0","id":"Li6a07dqt5hymvPxMoyoCA"},{"amount":"520374209446213568","id":"gZd3wvoNlPYv8xv5EnIgEA"},{"amount":"19827774741244243968","id":"5x3VqlHAw3aXoU5VM9nBKA"},{"amount":"26348597142717050880","id":"RSrfgRfO9y3NkeT6aYD2zQ"},{"amount":"41244669504578535424","id":"Wgv2aqkUXgbkXxgYNAuoDA"},{"amount":"4378125656787264000","id":"agkXXXkpqlwaB9xIDHBZeg"},{"amount":"5732781186444148544","id":"CPiaH71HErbQWLDkD7X3fQ"}]}],"credTimestamp":1604793600000,"id":"eTARTMdcRfx4ONc7oU2oNw"},"type":"DISTRIBUTE_GRAIN"},"ledgerTimestamp":1605401603172,"uuid":"yKECaCdTvXN0rtzBx6VDCg","version":"1"}
