{
  "$schema": "http://json-schema.org/draft-07/schema#",
  "title": "AcknowledgementMsgBalances",
  "description": "This is the final result type that is created and serialized in a contract for every init/execute/migrate call. The VM then deserializes this type to distinguish between successful and failed executions.\n\nWe use a custom type here instead of Rust's Result because we want to be able to define the serialization, which is a public interface. Every language that compiles to Wasm and runs in the ComsWasm VM needs to create the same JSON representation.\n\n# Examples\n\nSuccess:\n\n``` # use cosmwasm_std::{to_vec, ContractResult, Response}; let response: Response = Response::default(); let result: ContractResult<Response> = ContractResult::Ok(response); assert_eq!(to_vec(&result).unwrap(), br#\"{\"ok\":{\"messages\":[],\"attributes\":[],\"events\":[],\"data\":null}}\"#.to_vec()); ```\n\nFailure:\n\n``` # use cosmwasm_std::{to_vec, ContractResult, Response}; let error_msg = String::from(\"Something went wrong\"); let result: ContractResult<Response> = ContractResult::Err(error_msg); assert_eq!(to_vec(&result).unwrap(), br#\"{\"error\":\"Something went wrong\"}\"#.to_vec()); ```",
  "anyOf": [
    {
      "type": "object",
      "required": [
        "ok"
      ],
      "properties": {
        "ok": {
          "$ref": "#/definitions/BalancesResponse"
        }
      },
      "additionalProperties": false
    },
    {
      "description": "An error type that every custom error created by contract developers can be converted to. This could potientially have more structure, but String is the easiest.",
      "type": "object",
      "required": [
        "error"
      ],
      "properties": {
        "error": {
          "type": "string"
        }
      },
      "additionalProperties": false
    }
  ],
  "definitions": {
    "BalancesResponse": {
      "description": "This is the success response we send on ack for PacketMsg::Balance. Just acknowledge success or error",
      "type": "object",
      "required": [
        "account",
        "balances"
      ],
      "properties": {
        "account": {
          "type": "string"
        },
        "balances": {
          "type": "array",
          "items": {
            "$ref": "#/definitions/Coin"
          }
        }
      }
    },
    "Coin": {
      "type": "object",
      "required": [
        "amount",
        "denom"
      ],
      "properties": {
        "amount": {
          "$ref": "#/definitions/Uint128"
        },
        "denom": {
          "type": "string"
        }
      }
    },
    "Uint128": {
      "description": "A thin wrapper around u128 that is using strings for JSON encoding/decoding, such that the full u128 range can be used for clients that convert JSON numbers to floats, like JavaScript and jq.\n\n# Examples\n\nUse `from` to create instances of this and `u128` to get the value out:\n\n``` # use cosmwasm_std::Uint128; let a = Uint128::from(123u128); assert_eq!(a.u128(), 123);\n\nlet b = Uint128::from(42u64); assert_eq!(b.u128(), 42);\n\nlet c = Uint128::from(70u32); assert_eq!(c.u128(), 70); ```",
      "type": "string"
    }
  }
}
