{
  "$schema": "http://json-schema.org/draft-07/schema#",
  "title": "QueryMsg",
  "anyOf": [
    {
      "description": "Returns (reflect) account that is attached to this channel, or none.",
      "type": "object",
      "required": [
        "account"
      ],
      "properties": {
        "account": {
          "type": "object",
          "required": [
            "channel_id"
          ],
          "properties": {
            "channel_id": {
              "type": "string"
            }
          }
        }
      },
      "additionalProperties": false
    },
    {
      "description": "Returns all (channel, reflect_account) pairs. No pagination - this is a test contract",
      "type": "object",
      "required": [
        "list_accounts"
      ],
      "properties": {
        "list_accounts": {
          "type": "object"
        }
      },
      "additionalProperties": false
    }
  ]
}
