{
  "$schema": "http://json-schema.org/draft-07/schema#",
  "title": "QueryMsg",
  "anyOf": [
    {
      "type": "object",
      "required": [
        "admin"
      ],
      "properties": {
        "admin": {
          "type": "object"
        }
      },
      "additionalProperties": false
    },
    {
      "type": "object",
      "required": [
        "list_accounts"
      ],
      "properties": {
        "list_accounts": {
          "type": "object"
        }
      },
      "additionalProperties": false
    },
    {
      "type": "object",
      "required": [
        "account"
      ],
      "properties": {
        "account": {
          "type": "object",
          "required": [
            "channel_id"
          ],
          "properties": {
            "channel_id": {
              "type": "string"
            }
          }
        }
      },
      "additionalProperties": false
    }
  ]
}
