{
  "$schema": "http://json-schema.org/draft-07/schema#",
  "title": "TokenInfoResponse",
  "description": "TokenInfoResponse is info to display the derivative token in a UI",
  "type": "object",
  "required": [
    "decimals",
    "name",
    "symbol"
  ],
  "properties": {
    "decimals": {
      "description": "decimal places of the derivative token (for UI)",
      "type": "integer",
      "format": "uint8",
      "minimum": 0.0
    },
    "name": {
      "description": "name of the derivative token",
      "type": "string"
    },
    "symbol": {
      "description": "symbol / ticker of the derivative token",
      "type": "string"
    }
  }
}
