{
	"segments": {
		"left": [
			{
                "function": "powerline.segments.shell.mode"
            },
			{
				"function": "powerline.segments.common.net.hostname",
				"priority": 10,
				"args": {
                    "only_if_ssh": true,
                    "exclude_domain": true
                }
			},
			{
				"function": "powerline.segments.common.env.user",
				"priority": 30
			},
            {
                "function": "powerline.segments.common.env.environment",
                "priority": 50,
                "before": "🐋 ",
                "args": {
                    "variable": "DOCKER_MACHINE_NAME"
                }
			},
			{
				"function": "powerline_inject.context",
				"priority": 30,
				"args": {
					"show_env": false,
					"env_list": ["AWS_EPOCH", "AWS_PROFILE"],
					"before": "⩜ ", 
					"env_highlighter": "powerline_inject"
				}
			},
			{
				"function": "powerline_inject.context",
				"name": "github",
				"priority": 30,
				"args": {
					"show_env": false,
					"env_list": ["GITHUB_TOKEN"],
					"before": "🔑 ", 
					"env_highlighter": "powerline_inject_bold"
				}
			},
			{
				"function": "powerline.segments.common.env.virtualenv",
				"priority": 50
			},
			{
				"function": "powerline_gitstatus.gitstatus",
				"priority": 40
			},
			{
				"function": "powerkube_fork.context",
				"priority": 30,
				"args": {
					"show_cluster": true,
					"show_namespace": true,
					"show_user": true,
					"alert_namespaces": ["kubeaddons", "infra-prod"]
				}
			},
			{
				"function": "powerline.segments.shell.cwd",
				"priority": 10
			},
			{
				"function": "powerline.segments.shell.jobnum",
				"priority": 20
			},
			{
				"function": "powerline.segments.shell.last_pipe_status",
				"priority": 10
			}
		]
	}
}
