{
  "$schema": "http://json-schema.org/draft-07/schema#",
  "title": "QueryMsg",
  "anyOf": [
    {
      "type": "object",
      "required": [
        "count"
      ],
      "properties": {
        "count": {
          "type": "object"
        }
      },
      "additionalProperties": false
    },
    {
      "type": "object",
      "required": [
        "sum"
      ],
      "properties": {
        "sum": {
          "type": "object"
        }
      },
      "additionalProperties": false
    },
    {
      "type": "object",
      "required": [
        "reducer"
      ],
      "properties": {
        "reducer": {
          "type": "object"
        }
      },
      "additionalProperties": false
    },
    {
      "type": "object",
      "required": [
        "list"
      ],
      "properties": {
        "list": {
          "type": "object"
        }
      },
      "additionalProperties": false
    }
  ]
}
