{
	"name": "Secret Network Core Dev Environment",

	// Update the 'dockerFile' property if you aren't using the standard 'Dockerfile' filename.
	"build": {
		"dockerfile": "Dockerfile",
		// [Optional] You can use build args to set options. e.g. 'VARIANT' below affects the image in the Dockerfile
		// "args": { "VARIANT": "buster" }
		"args": {
			"NODE_VERSION": "lts/*"
		}
	},

	// Set *default* container specific settings.json values on container create.
	"settings": {},

	// Add the IDs of extensions you want installed when the container is created.
	"workspaceFolder": "/home/vscode/SecretNetwork",
	"extensions": [
		"bungcip.better-toml",
		"rust-lang.rust-analyzer",
		"golang.Go"
	],

	"customizations": {
		"vscode": {
			// Set *default* container specific settings.json values on container create.
			"settings": {
				"go.toolsManagement.checkForUpdates": "local",
				"go.useLanguageServer": true,
				"go.gopath": "/go",
				"lldb.executable": "/usr/bin/lldb",
				// VS Code don't watch files under ./target
				"files.watcherExclude": {
					"**/target/**": true
				},
				"rust-analyzer.checkOnSave.command": "clippy"
			},

			// Add the IDs of extensions you want installed when the container is created.
			"extensions": [
				"vadimcn.vscode-lldb",
				"mutantdino.resourcemonitor",
				"rust-lang.rust-analyzer",
				"tamasfe.even-better-toml",
				"serayuzgur.crates",
				"golang.Go"
			]
		}
	},


	// Use 'forwardPorts' to make a list of ports inside the container available locally.
	// "forwardPorts": [],

	// Use 'postCreateCommand' to run commands after the container is created.
	// "postCreateCommand": "uname -a",

	// Uncomment to use Docker from inside the container. See https://aka.ms/vscode-remote/samples/docker-from-docker.
	// "mounts": [ "source=/var/run/docker.sock,target=/var/run/docker.sock,type=bind" ],

	// Uncomment when using a ptrace-based debugger like C++, Go, and Rust
	"runArgs": [ "--cap-add=SYS_PTRACE", "--security-opt", "seccomp=unconfined" ],

	// Comment out to connect as root instead. To add a non-root user, see: https://aka.ms/vscode-remote/containers/non-root.
	"remoteUser": "vscode"
}
