[{"type":"sourcecred/weights","version":"0.2.0"},{"edgeWeights":{"E\u0000sourcecred\u0000github\u0000AUTHORS\u0000":{"backwards":1,"forwards":0.5},"E\u0000sourcecred\u0000github\u0000CORRESPONDS_TO_COMMIT_TYPE\u0000":{"backwards":1,"forwards":1},"E\u0000sourcecred\u0000github\u0000HAS_PARENT\u0000":{"backwards":0.25,"forwards":1},"E\u0000sourcecred\u0000github\u0000MERGED_AS\u0000":{"backwards":1,"forwards":0.5},"E\u0000sourcecred\u0000github\u0000REACTS\u0000HEART\u0000":{"backwards":0,"forwards":2},"E\u0000sourcecred\u0000github\u0000REACTS\u0000HOORAY\u0000":{"backwards":0,"forwards":4},"E\u0000sourcecred\u0000github\u0000REACTS\u0000ROCKET\u0000":{"backwards":0,"forwards":1},"E\u0000sourcecred\u0000github\u0000REACTS\u0000THUMBS_UP\u0000":{"backwards":0,"forwards":1},"E\u0000sourcecred\u0000github\u0000REFERENCES\u0000":{"backwards":0,"forwards":1}},"nodeWeights":{"N\u0000sourcecred\u0000github\u0000COMMENT\u0000":0,"N\u0000sourcecred\u0000github\u0000COMMIT\u0000":0,"N\u0000sourcecred\u0000github\u0000ISSUE\u0000":0,"N\u0000sourcecred\u0000github\u0000PULL\u0000":16,"N\u0000sourcecred\u0000github\u0000PULL\u0000enigmampc\u0000SecretNetwork\u000012\u0000":0,"N\u0000sourcecred\u0000github\u0000PULL\u0000enigmampc\u0000SecretNetwork\u0000129\u0000":0,"N\u0000sourcecred\u0000github\u0000PULL\u0000enigmampc\u0000SecretNetwork\u000016\u0000":0,"N\u0000sourcecred\u0000github\u0000PULL\u0000enigmampc\u0000SecretNetwork\u0000170\u0000":0,"N\u0000sourcecred\u0000github\u0000PULL\u0000enigmampc\u0000SecretNetwork\u000018\u0000":0,"N\u0000sourcecred\u0000github\u0000PULL\u0000enigmampc\u0000SecretNetwork\u0000182\u0000":0,"N\u0000sourcecred\u0000github\u0000PULL\u0000enigmampc\u0000SecretNetwork\u0000205\u0000":0,"N\u0000sourcecred\u0000github\u0000PULL\u0000enigmampc\u0000SecretNetwork\u0000302\u0000":0,"N\u0000sourcecred\u0000github\u0000PULL\u0000enigmampc\u0000SecretNetwork\u0000303\u0000":0,"N\u0000sourcecred\u0000github\u0000PULL\u0000enigmampc\u0000SecretNetwork\u0000336\u0000":0,"N\u0000sourcecred\u0000github\u0000PULL\u0000enigmampc\u0000SecretNetwork\u0000339\u0000":0,"N\u0000sourcecred\u0000github\u0000PULL\u0000enigmampc\u0000SecretNetwork\u0000351\u0000":0,"N\u0000sourcecred\u0000github\u0000PULL\u0000enigmampc\u0000SecretNetwork\u0000361\u0000":0,"N\u0000sourcecred\u0000github\u0000PULL\u0000enigmampc\u0000SecretNetwork\u0000394\u0000":0,"N\u0000sourcecred\u0000github\u0000PULL\u0000enigmampc\u0000SecretNetwork\u0000395\u0000":0,"N\u0000sourcecred\u0000github\u0000PULL\u0000enigmampc\u0000SecretNetwork\u0000396\u0000":0,"N\u0000sourcecred\u0000github\u0000PULL\u0000enigmampc\u0000SecretNetwork\u0000417\u0000":0,"N\u0000sourcecred\u0000github\u0000PULL\u0000enigmampc\u0000SecretNetwork\u0000430\u0000":0,"N\u0000sourcecred\u0000github\u0000PULL\u0000enigmampc\u0000SecretNetwork\u0000457\u0000":0,"N\u0000sourcecred\u0000github\u0000PULL\u0000enigmampc\u0000SecretNetwork\u0000467\u0000":0,"N\u0000sourcecred\u0000github\u0000PULL\u0000enigmampc\u0000SecretNetwork\u0000473\u0000":0,"N\u0000sourcecred\u0000github\u0000PULL\u0000enigmampc\u0000SecretNetwork\u0000478\u0000":0,"N\u0000sourcecred\u0000github\u0000PULL\u0000enigmampc\u0000SecretNetwork\u0000481\u0000":0,"N\u0000sourcecred\u0000github\u0000PULL\u0000enigmampc\u0000SecretNetwork\u0000500\u0000":0,"N\u0000sourcecred\u0000github\u0000PULL\u0000enigmampc\u0000SecretNetwork\u0000502\u0000":0,"N\u0000sourcecred\u0000github\u0000PULL\u0000enigmampc\u0000SecretNetwork\u0000508\u0000":0,"N\u0000sourcecred\u0000github\u0000PULL\u0000enigmampc\u0000SecretNetwork\u0000513\u0000":0,"N\u0000sourcecred\u0000github\u0000PULL\u0000enigmampc\u0000SecretNetwork\u0000520\u0000":0,"N\u0000sourcecred\u0000github\u0000PULL\u0000enigmampc\u0000SecretNetwork\u0000531\u0000":0,"N\u0000sourcecred\u0000github\u0000PULL\u0000enigmampc\u0000SecretNetwork\u0000541\u0000":0,"N\u0000sourcecred\u0000github\u0000PULL\u0000enigmampc\u0000SecretNetwork\u0000542\u0000":0,"N\u0000sourcecred\u0000github\u0000REPO\u0000":0,"N\u0000sourcecred\u0000github\u0000REVIEW\u0000":1,"N\u0000sourcecred\u0000github\u0000USERLIKE\u0000BOT\u0000":0,"N\u0000sourcecred\u0000github\u0000USERLIKE\u0000USER\u0000":0}}]