{
	"name": "Default color scheme for shell prompts",
	"groups": {
		"hostname":         { "fg": "brightyellow", "bg": "mediumorange", "attrs": [] },
		"environment":      { "fg": "white", "bg": "mediumorange", "attrs": [] },
		"aws":      		{ "fg": "white", "bg": "darkcyan", "attrs": [] },
		"mode":             { "fg": "darkestgreen", "bg": "brightgreen", "attrs": ["bold"] },
		"attached_clients": { "fg": "white", "bg": "darkestgreen", "attrs": [] }
	},
	"mode_translations": {
		"vicmd": {
			"groups": {
				"mode": {"fg": "darkestcyan", "bg": "white", "attrs": ["bold"]}
			}
		}
	}
}
