{
  "$schema": "http://json-schema.org/draft-07/schema#",
  "title": "HandleMsg",
  "anyOf": [
    {
      "type": "object",
      "required": [
        "enqueue"
      ],
      "properties": {
        "enqueue": {
          "type": "object",
          "required": [
            "value"
          ],
          "properties": {
            "value": {
              "type": "integer",
              "format": "int32"
            }
          }
        }
      }
    },
    {
      "type": "object",
      "required": [
        "dequeue"
      ],
      "properties": {
        "dequeue": {
          "type": "object"
        }
      }
    }
  ]
}
