{
  "$schema": "http://json-schema.org/draft-07/schema#",
  "title": "QueryMsg",
  "anyOf": [
    {
      "type": "object",
      "required": [
        "count"
      ],
      "properties": {
        "count": {
          "type": "object"
        }
      }
    },
    {
      "type": "object",
      "required": [
        "sum"
      ],
      "properties": {
        "sum": {
          "type": "object"
        }
      }
    },
    {
      "type": "object",
      "required": [
        "reducer"
      ],
      "properties": {
        "reducer": {
          "type": "object"
        }
      }
    }
  ]
}
