{
  "$schema": "http://json-schema.org/draft-07/schema#",
  "title": "InvestmentInfo",
  "description": "Investment info is fixed at initialization, and is used to control the function of the contract",
  "type": "object",
  "required": [
    "bond_denom",
    "exit_tax",
    "min_withdrawal",
    "owner",
    "validator"
  ],
  "properties": {
    "bond_denom": {
      "description": "this is the denomination we can stake (and only one we accept for payments)",
      "type": "string"
    },
    "exit_tax": {
      "description": "this is how much the owner takes as a cut when someone unbonds",
      "allOf": [
        {
          "$ref": "#/definitions/Decimal"
        }
      ]
    },
    "min_withdrawal": {
      "description": "This is the minimum amount we will pull out to reinvest, as well as a minumum that can be unbonded (to avoid needless staking tx)",
      "allOf": [
        {
          "$ref": "#/definitions/Uint128"
        }
      ]
    },
    "owner": {
      "description": "owner created the contract and takes a cut",
      "allOf": [
        {
          "$ref": "#/definitions/CanonicalAddr"
        }
      ]
    },
    "validator": {
      "description": "All tokens are bonded to this validator FIXME: humanize/canonicalize address doesn't work for validator addrresses",
      "allOf": [
        {
          "$ref": "#/definitions/HumanAddr"
        }
      ]
    }
  },
  "definitions": {
    "Binary": {
      "description": "Binary is a wrapper around Vec<u8> to add base64 de/serialization with serde. It also adds some helper methods to help encode inline.\n\nThis is only needed as serde-json-{core,wasm} has a horrible encoding for Vec<u8>",
      "type": "string"
    },
    "CanonicalAddr": {
      "$ref": "#/definitions/Binary"
    },
    "Decimal": {
      "description": "A fixed-point decimal value with 18 fractional digits, i.e. Decimal(1_000_000_000_000_000_000) == 1.0\n\nThe greatest possible value that can be represented is 340282366920938463463.374607431768211455 (which is (2^128 - 1) / 10^18)",
      "type": "string"
    },
    "HumanAddr": {
      "type": "string"
    },
    "Uint128": {
      "type": "string"
    }
  }
}
