{
  "arch": "x86_64",
  "cpu": "x86-64",
  "crt-static-respected": true,
  "data-layout": "e-m:e-p270:32:32-p271:32:32-p272:64:64-i64:64-f80:128-n8:16:32:64-S128",
  "dynamic-linking": true,
  "env": "sgx",
  "executables": true,
  "has-rpath": true,
  "has-thread-local": true,
  "linker-flavor": "gcc",
  "linker-is-gnu": true,
  "llvm-target": "x86_64-unknown-linux-gnu",
  "max-atomic-width": 64,
  "os": "linux",
  "position-independent-executables": true,
  "pre-link-args": {
    "gcc": [
      "-Wl,--as-needed",
      "-Wl,-z,noexecstack",
      "-m64"
    ]
  },
  "relro-level": "full",
  "stack-probes": {
    "kind": "inline-or-call",
    "min-llvm-version-for-inline": [
      11,
      0,
      1
    ]
  },
  "supported-sanitizers": [
    "address",
    "cfi",
    "leak",
    "memory",
    "thread"
  ],
  "target-c-int-width": "32",
  "target-endian": "little",
  "target-family": "unix",
  "target-pointer-width": "64",
  "vendor": "mesalock"
}
