{
  "$schema": "http://json-schema.org/draft-07/schema#",
  "title": "HandleMsg",
  "anyOf": [
    {
      "type": "object",
      "required": [
        "approve"
      ],
      "properties": {
        "approve": {
          "type": "object",
          "required": [
            "amount",
            "spender"
          ],
          "properties": {
            "amount": {
              "$ref": "#/definitions/Uint128"
            },
            "spender": {
              "$ref": "#/definitions/HumanAddr"
            }
          }
        }
      }
    },
    {
      "type": "object",
      "required": [
        "transfer"
      ],
      "properties": {
        "transfer": {
          "type": "object",
          "required": [
            "amount",
            "recipient"
          ],
          "properties": {
            "amount": {
              "$ref": "#/definitions/Uint128"
            },
            "recipient": {
              "$ref": "#/definitions/HumanAddr"
            }
          }
        }
      }
    },
    {
      "type": "object",
      "required": [
        "transfer_from"
      ],
      "properties": {
        "transfer_from": {
          "type": "object",
          "required": [
            "amount",
            "owner",
            "recipient"
          ],
          "properties": {
            "amount": {
              "$ref": "#/definitions/Uint128"
            },
            "owner": {
              "$ref": "#/definitions/HumanAddr"
            },
            "recipient": {
              "$ref": "#/definitions/HumanAddr"
            }
          }
        }
      }
    },
    {
      "type": "object",
      "required": [
        "burn"
      ],
      "properties": {
        "burn": {
          "type": "object",
          "required": [
            "amount"
          ],
          "properties": {
            "amount": {
              "$ref": "#/definitions/Uint128"
            }
          }
        }
      }
    }
  ],
  "definitions": {
    "HumanAddr": {
      "type": "string"
    },
    "Uint128": {
      "type": "string"
    }
  }
}
