{
  "$schema": "http://json-schema.org/draft-07/schema#",
  "title": "QueryMsg",
  "anyOf": [
    {
      "type": "object",
      "required": [
        "owner"
      ],
      "properties": {
        "owner": {
          "type": "object"
        }
      }
    },
    {
      "type": "object",
      "required": [
        "reflect_custom"
      ],
      "properties": {
        "reflect_custom": {
          "type": "object",
          "required": [
            "text"
          ],
          "properties": {
            "text": {
              "type": "string"
            }
          }
        }
      }
    }
  ]
}
