{"type":"cosmos-sdk/StdTx","value":{"msg":[{"type":"cosmos-sdk/MsgCreateValidator","value":{"description":{"moniker":"testing","identity":"","website":"","security_contact":"","details":""},"commission":{"rate":"0.100000000000000000","max_rate":"0.200000000000000000","max_change_rate":"0.010000000000000000"},"min_self_delegation":"1","delegator_address":"cosmos1ea5cpmcj2vf5d0xwurncx7zdnmkuc6eql3wzfw","validator_address":"cosmosvaloper1ea5cpmcj2vf5d0xwurncx7zdnmkuc6eq696h9a","pubkey":"cosmosvalconspub1zcjduepqmclspfdyzvncwpthrz9je2ap3pc9hnzf335uguxaf4xv4cd246jqv3360q","value":{"denom":"ustake","amount":"250000000"}}}],"fee":{"amount":[],"gas":"200000"},"signatures":[{"pub_key":{"type":"tendermint/PubKeySecp256k1","value":"A6BMOgVABSbSQfCTEE0FuVk5C3hEAs7+SskyD6cvwSh2"},"signature":"qpCjRu0eGSyNLlMiT+HOli7r3GN/hPQPM1KmiE0eQlowllX3EGyBo0dj5r1MFsHKL98Q16wxUnsHZbzFtT3BAw=="}],"memo":"b1917ea1ed45b406564fb5c8adb531e4314f086c@172.17.0.3:26656"}}
