{
  "$schema": "http://json-schema.org/draft-07/schema#",
  "title": "HandleMsg",
  "anyOf": [
    {
      "type": "object",
      "required": [
        "approve"
      ],
      "properties": {
        "approve": {
          "type": "object",
          "properties": {
            "quantity": {
              "type": [
                "array",
                "null"
              ],
              "items": {
                "$ref": "#/definitions/Coin"
              }
            }
          }
        }
      }
    },
    {
      "type": "object",
      "required": [
        "refund"
      ],
      "properties": {
        "refund": {
          "type": "object"
        }
      }
    }
  ],
  "definitions": {
    "Coin": {
      "type": "object",
      "required": [
        "amount",
        "denom"
      ],
      "properties": {
        "amount": {
          "$ref": "#/definitions/Uint128"
        },
        "denom": {
          "type": "string"
        }
      }
    },
    "Uint128": {
      "type": "string"
    }
  }
}
