{
  "$schema": "http://json-schema.org/draft-07/schema#",
  "title": "InstantiateMsg",
  "type": "object",
  "required": [
    "decimals",
    "exit_tax",
    "min_withdrawal",
    "name",
    "symbol",
    "validator"
  ],
  "properties": {
    "decimals": {
      "description": "decimal places of the derivative token (for UI) TODO: does this make sense? Do we need to normalize on this? We don't even know the decimals of the native token",
      "type": "integer",
      "format": "uint8",
      "minimum": 0.0
    },
    "exit_tax": {
      "description": "this is how much the owner takes as a cut when someone unbonds TODO",
      "allOf": [
        {
          "$ref": "#/definitions/Decimal"
        }
      ]
    },
    "min_withdrawal": {
      "description": "This is the minimum amount we will pull out to reinvest, as well as a minumum that can be unbonded (to avoid needless staking tx)",
      "allOf": [
        {
          "$ref": "#/definitions/Uint128"
        }
      ]
    },
    "name": {
      "description": "name of the derivative token (FIXME: auto-generate?)",
      "type": "string"
    },
    "symbol": {
      "description": "symbol / ticker of the derivative token",
      "type": "string"
    },
    "validator": {
      "description": "This is the validator that all tokens will be bonded to",
      "type": "string"
    }
  },
  "definitions": {
    "Decimal": {
      "description": "A fixed-point decimal value with 18 fractional digits, i.e. Decimal(1_000_000_000_000_000_000) == 1.0\n\nThe greatest possible value that can be represented is 340282366920938463463.374607431768211455 (which is (2^128 - 1) / 10^18)",
      "type": "string"
    },
    "Uint128": {
      "description": "A thin wrapper around u128 that is using strings for JSON encoding/decoding, such that the full u128 range can be used for clients that convert JSON numbers to floats, like JavaScript and jq.\n\n# Examples\n\nUse `from` to create instances of this and `u128` to get the value out:\n\n``` # use cosmwasm_std::Uint128; let a = Uint128::from(123u128); assert_eq!(a.u128(), 123);\n\nlet b = Uint128::from(42u64); assert_eq!(b.u128(), 42);\n\nlet c = Uint128::from(70u32); assert_eq!(c.u128(), 70); ```",
      "type": "string"
    }
  }
}
