{
  "$schema": "http://json-schema.org/draft-07/schema#",
  "title": "InvestmentInfo",
  "description": "Investment info is fixed at initialization, and is used to control the function of the contract",
  "type": "object",
  "required": [
    "bond_denom",
    "exit_tax",
    "min_withdrawal",
    "owner",
    "validator"
  ],
  "properties": {
    "bond_denom": {
      "description": "this is the denomination we can stake (and only one we accept for payments)",
      "type": "string"
    },
    "exit_tax": {
      "description": "this is how much the owner takes as a cut when someone unbonds",
      "allOf": [
        {
          "$ref": "#/definitions/Decimal"
        }
      ]
    },
    "min_withdrawal": {
      "description": "This is the minimum amount we will pull out to reinvest, as well as a minumum that can be unbonded (to avoid needless staking tx)",
      "allOf": [
        {
          "$ref": "#/definitions/Uint128"
        }
      ]
    },
    "owner": {
      "description": "owner created the contract and takes a cut",
      "allOf": [
        {
          "$ref": "#/definitions/Addr"
        }
      ]
    },
    "validator": {
      "description": "All tokens are bonded to this validator addr_humanize/addr_canonicalize doesn't work for validator addrresses (e.g. cosmosvaloper1...)",
      "type": "string"
    }
  },
  "definitions": {
    "Addr": {
      "description": "A human readable address.\n\nIn Cosmos, this is typically bech32 encoded. But for multi-chain smart contracts no assumptions should be made other than being UTF-8 encoded and of reasonable length.\n\nThis type represents a validated address. It can be created in the following ways 1. Use `Addr::unchecked(input)` 2. Use `let checked: Addr = deps.api.addr_validate(input)?` 3. Use `let checked: Addr = deps.api.addr_humanize(canonical_addr)?` 4. Deserialize from JSON. This must only be done from JSON that was validated before such as a contract's state. `Addr` must not be used in messages sent by the user because this would result in unvalidated instances.\n\nThis type is immutable. If you really need to mutate it (Really? Are you sure?), create a mutable copy using `let mut mutable = Addr::to_string()` and operate on that `String` instance.",
      "type": "string"
    },
    "Decimal": {
      "description": "A fixed-point decimal value with 18 fractional digits, i.e. Decimal(1_000_000_000_000_000_000) == 1.0\n\nThe greatest possible value that can be represented is 340282366920938463463.374607431768211455 (which is (2^128 - 1) / 10^18)",
      "type": "string"
    },
    "Uint128": {
      "description": "A thin wrapper around u128 that is using strings for JSON encoding/decoding, such that the full u128 range can be used for clients that convert JSON numbers to floats, like JavaScript and jq.\n\n# Examples\n\nUse `from` to create instances of this and `u128` to get the value out:\n\n``` # use cosmwasm_std::Uint128; let a = Uint128::from(123u128); assert_eq!(a.u128(), 123);\n\nlet b = Uint128::from(42u64); assert_eq!(b.u128(), 42);\n\nlet c = Uint128::from(70u32); assert_eq!(c.u128(), 70); ```",
      "type": "string"
    }
  }
}
