{
  "$schema": "http://json-schema.org/draft-07/schema#",
  "title": "InvestmentResponse",
  "type": "object",
  "required": [
    "exit_tax",
    "min_withdrawal",
    "nominal_value",
    "owner",
    "staked_tokens",
    "token_supply",
    "validator"
  ],
  "properties": {
    "exit_tax": {
      "description": "this is how much the owner takes as a cut when someone unbonds",
      "allOf": [
        {
          "$ref": "#/definitions/Decimal"
        }
      ]
    },
    "min_withdrawal": {
      "description": "This is the minimum amount we will pull out to reinvest, as well as a minumum that can be unbonded (to avoid needless staking tx)",
      "allOf": [
        {
          "$ref": "#/definitions/Uint128"
        }
      ]
    },
    "nominal_value": {
      "$ref": "#/definitions/Decimal"
    },
    "owner": {
      "description": "owner created the contract and takes a cut",
      "type": "string"
    },
    "staked_tokens": {
      "$ref": "#/definitions/Coin"
    },
    "token_supply": {
      "$ref": "#/definitions/Uint128"
    },
    "validator": {
      "description": "All tokens are bonded to this validator",
      "type": "string"
    }
  },
  "definitions": {
    "Coin": {
      "type": "object",
      "required": [
        "amount",
        "denom"
      ],
      "properties": {
        "amount": {
          "$ref": "#/definitions/Uint128"
        },
        "denom": {
          "type": "string"
        }
      }
    },
    "Decimal": {
      "description": "A fixed-point decimal value with 18 fractional digits, i.e. Decimal(1_000_000_000_000_000_000) == 1.0\n\nThe greatest possible value that can be represented is 340282366920938463463.374607431768211455 (which is (2^128 - 1) / 10^18)",
      "type": "string"
    },
    "Uint128": {
      "description": "A thin wrapper around u128 that is using strings for JSON encoding/decoding, such that the full u128 range can be used for clients that convert JSON numbers to floats, like JavaScript and jq.\n\n# Examples\n\nUse `from` to create instances of this and `u128` to get the value out:\n\n``` # use cosmwasm_std::Uint128; let a = Uint128::from(123u128); assert_eq!(a.u128(), 123);\n\nlet b = Uint128::from(42u64); assert_eq!(b.u128(), 42);\n\nlet c = Uint128::from(70u32); assert_eq!(c.u128(), 70); ```",
      "type": "string"
    }
  }
}
