{
  "$schema": "http://json-schema.org/draft-07/schema#",
  "title": "Supply",
  "description": "Supply is dynamic and tracks the current supply of staked and ERC20 tokens.",
  "type": "object",
  "required": [
    "bonded",
    "claims",
    "issued"
  ],
  "properties": {
    "bonded": {
      "description": "bonded is how many native tokens exist bonded to the validator",
      "allOf": [
        {
          "$ref": "#/definitions/Uint128"
        }
      ]
    },
    "claims": {
      "description": "claims is how many tokens need to be reserved paying back those who unbonded",
      "allOf": [
        {
          "$ref": "#/definitions/Uint128"
        }
      ]
    },
    "issued": {
      "description": "issued is how many derivative tokens this contract has issued",
      "allOf": [
        {
          "$ref": "#/definitions/Uint128"
        }
      ]
    }
  },
  "definitions": {
    "Uint128": {
      "description": "A thin wrapper around u128 that is using strings for JSON encoding/decoding, such that the full u128 range can be used for clients that convert JSON numbers to floats, like JavaScript and jq.\n\n# Examples\n\nUse `from` to create instances of this and `u128` to get the value out:\n\n``` # use cosmwasm_std::Uint128; let a = Uint128::from(123u128); assert_eq!(a.u128(), 123);\n\nlet b = Uint128::from(42u64); assert_eq!(b.u128(), 42);\n\nlet c = Uint128::from(70u32); assert_eq!(c.u128(), 70); ```",
      "type": "string"
    }
  }
}
