{
    "groups": {
      "gitstatus":                 { "fg": "gray8",           "bg": "gray2", "attrs": [] },
      "gitstatus_branch":          { "fg": "gray8",           "bg": "gray2", "attrs": [] },
      "gitstatus_branch_clean":    { "fg": "green",           "bg": "gray2", "attrs": [] },
      "gitstatus_branch_dirty":    { "fg": "gray8",           "bg": "gray2", "attrs": [] },
      "gitstatus_branch_detached": { "fg": "mediumpurple",    "bg": "gray2", "attrs": [] },
      "gitstatus_tag":             { "fg": "darkcyan",        "bg": "gray2", "attrs": [] },
      "gitstatus_behind":          { "fg": "gray10",          "bg": "gray2", "attrs": [] },
      "gitstatus_ahead":           { "fg": "gray10",          "bg": "gray2", "attrs": [] },
      "gitstatus_staged":          { "fg": "green",           "bg": "gray2", "attrs": [] },
      "gitstatus_unmerged":        { "fg": "brightred",       "bg": "gray2", "attrs": [] },
      "gitstatus_changed":         { "fg": "mediumorange",    "bg": "gray2", "attrs": [] },
      "gitstatus_untracked":       { "fg": "brightestorange", "bg": "gray2", "attrs": [] },
      "gitstatus_stashed":         { "fg": "darkblue",        "bg": "gray2", "attrs": [] },
      "gitstatus:divider":         { "fg": "gray8",           "bg": "gray2", "attrs": [] }
    }
  }