{
  "$schema": "http://json-schema.org/draft-07/schema#",
  "title": "CustomMsg",
  "description": "CustomMsg is an override of CosmosMsg::Custom to show this works and can be extended in the contract",
  "anyOf": [
    {
      "type": "object",
      "required": [
        "debug"
      ],
      "properties": {
        "debug": {
          "type": "string"
        }
      },
      "additionalProperties": false
    },
    {
      "type": "object",
      "required": [
        "raw"
      ],
      "properties": {
        "raw": {
          "$ref": "#/definitions/Binary"
        }
      },
      "additionalProperties": false
    }
  ],
  "definitions": {
    "Binary": {
      "description": "Binary is a wrapper around Vec<u8> to add base64 de/serialization with serde. It also adds some helper methods to help encode inline.\n\nThis is only needed as serde-json-{core,wasm} has a horrible encoding for Vec<u8>",
      "type": "string"
    }
  }
}
