{
  "$schema": "http://json-schema.org/draft-07/schema#",
  "title": "RawResponse",
  "type": "object",
  "required": [
    "data"
  ],
  "properties": {
    "data": {
      "description": "The returned value of the raw query. Empty data can be the result of a non-existent key or an empty value. We cannot differentiate those two cases in cross contract queries.",
      "allOf": [
        {
          "$ref": "#/definitions/Binary"
        }
      ]
    }
  },
  "definitions": {
    "Binary": {
      "description": "Binary is a wrapper around Vec<u8> to add base64 de/serialization with serde. It also adds some helper methods to help encode inline.\n\nThis is only needed as serde-json-{core,wasm} has a horrible encoding for Vec<u8>",
      "type": "string"
    }
  }
}
