{
  "$schema": "http://json-schema.org/draft-07/schema#",
  "title": "BalanceResponse",
  "type": "object",
  "required": [
    "amount"
  ],
  "properties": {
    "amount": {
      "description": "Always returns a Coin with the requested denom. This may be of 0 amount if no such funds.",
      "allOf": [
        {
          "$ref": "#/definitions/Coin"
        }
      ]
    }
  },
  "definitions": {
    "Coin": {
      "type": "object",
      "required": [
        "amount",
        "denom"
      ],
      "properties": {
        "amount": {
          "$ref": "#/definitions/Uint128"
        },
        "denom": {
          "type": "string"
        }
      }
    },
    "Uint128": {
      "type": "string"
    }
  }
}
