{
  "$schema": "https://schema.management.azure.com/schemas/2019-04-01/deploymentTemplate.json#",
  "contentVersion": "1.0.0.0",
  "parameters": {
    "vmDnsPrefix": {
      "type": "string",
      "metadata": {
        "description": "This is the unique DNS name of the for the public IP for your VM"
      }
    },
    "adminUsername": {
      "type": "string",
      "metadata": {
        "description": "This is the the username you wish to assign to your VMs admin account"
      }
    },
    "chainId": {
      "type": "string",
      "defaultValue": "enigma-pub-testnet-4",
      "metadata": {
        "description": "Chain ID of the network"
      }
    },
    "moniker": {
      "type": "string",
      "metadata": {
        "description": "The network name of the node"
      }
    },
    "rpcUrl": {
      "type": "string",
      "defaultValue": "bootstrap.pub.testnet3.enigma.co:26657",
      "metadata": {
        "description": "The URL of a RPC service used to communicate with the network"
      }
    },
    "registrationService": {
      "type": "string",
      "defaultValue": "register.pub.testnet.enigma.co:26667",
      "metadata": {
        "description": "The URL of the registeration service"
      }
    },
    "persistentPeers": {
      "type": "string",
      "defaultValue": "115aa0a629f5d70dd1d464bc7e42799e00f4edae@bootstrap.pub.testnet3.enigma.co",
      "metadata": {
        "description": "List of peers to initially connect to"
      }
    },
    "vmSize": {
      "type": "string",
      "defaultValue": "Standard_DC1s_v2",
      "allowedValues": ["Standard_DC1s_v2",
        "Standard_DC2s_v2",
        "Standard_DC4s_v2",
        "Standard_DC8_v2"],
      "metadata": {
        "description": "Size of VM"
      }
    },
    "_artifactsLocation": {
      "type": "string",
      "metadata": {
        "description": "The base URI where artifacts required by this template are located. When the template is deployed using the accompanying scripts, a private location in the subscription will be used and this value will be automatically generated."
      },
      "defaultValue": "https://raw.githubusercontent.com/enigmampc/SecretNetwork/master/deployment/azure/secret-node-azure-template/"
    },
    "_artifactsLocationSasToken": {
      "type": "securestring",
      "metadata": {
        "description": "The sasToken required to access _artifactsLocation.  When the template is deployed using the accompanying scripts, a sasToken will be automatically generated."
      },
      "defaultValue": ""
    },
    "location": {
      "type": "string",
      "defaultValue": "[resourceGroup().location]",
      "metadata": {
        "description": "Location for all resources."
      }
    },
    "authenticationType": {
      "type": "string",
      "defaultValue": "sshPublicKey",
      "allowedValues": [
        "sshPublicKey",
        "password"
      ],
      "metadata": {
        "description": "Type of authentication to use on the Virtual Machine. SSH key is recommended."
      }
    },
    "adminPasswordOrKey": {
      "type": "securestring",
      "metadata": {
        "description": "SSH Key or password for the Virtual Machine. SSH key is recommended."
      }
    }
  },
  "variables": {
    "sizeOfDiskInGB": 300,
    "nicName": "VMNic",
    "addressPrefix": "10.0.0.0/16",
    "subnetName": "Subnet-1",
    "subnetPrefix": "10.0.0.0/24",
    "publicIPAddressName": "publicIP",
    "publicIPAddressType": "Dynamic",
    "networkSecurityGroupName": "NSG-1",
    "vmName": "[parameters('vmDnsPrefix')]",
    "virtualNetworkName": "VNET",
    "subnetRef": "[resourceId('Microsoft.Network/virtualNetworks/subnets', variables('virtualNetworkName'), variables('subnetName'))]",
    "linuxConfiguration": {
      "disablePasswordAuthentication": true,
      "ssh": {
        "publicKeys": [
          {
            "path": "[concat('/home/', parameters('adminUsername'), '/.ssh/authorized_keys')]",
            "keyData": "[parameters('adminPasswordOrKey')]"
          }
        ]
      }
    }
  },
  "resources": [
    {
      "type": "Microsoft.Network/networkSecurityGroups",
      "apiVersion": "2020-04-01",
      "name": "[variables('networkSecurityGroupName')]",
      "location": "[parameters('location')]",
      "properties": {
        "securityRules": [
          {
            "name": "ssh",
            "properties": {
              "description": "Allow SSH",
              "protocol": "Tcp",
              "sourcePortRange": "*",
              "destinationPortRange": "22",
              "sourceAddressPrefix": "*",
              "destinationAddressPrefix": "*",
              "access": "Allow",
              "priority": 2000,
              "direction": "Inbound",
              "sourcePortRanges": [],
              "destinationPortRanges": [],
              "sourceAddressPrefixes": [],
              "destinationAddressPrefixes": []
            }
          },
          {
            "name": "secret-network-rpc",
            "properties": {
              "protocol": "TCP",
              "sourcePortRange": "*",
              "destinationPortRange": "26656-26657",
              "sourceAddressPrefix": "*",
              "destinationAddressPrefix": "*",
              "access": "Allow",
              "priority": 2100,
              "direction": "Inbound",
              "sourcePortRanges": [],
              "destinationPortRanges": [],
              "sourceAddressPrefixes": [],
              "destinationAddressPrefixes": []
            }
          }
        ]
      }
    },
    {
      "apiVersion": "2019-11-01",
      "type": "Microsoft.Network/publicIPAddresses",
      "name": "[variables('publicIPAddressName')]",
      "location": "[parameters('location')]",
      "properties": {
        "publicIPAllocationMethod": "[variables('publicIPAddressType')]",
        "dnsSettings": {
          "domainNameLabel": "[parameters('vmDnsPrefix')]"
        }
      }
    },
    {
      "apiVersion": "2020-04-01",
      "type": "Microsoft.Network/virtualNetworks",
      "name": "[variables('virtualNetworkName')]",
      "location": "[parameters('location')]",
      "dependsOn": [
        "[resourceId('Microsoft.Network/networkSecurityGroups', variables('networkSecurityGroupName'))]"
      ],
      "properties": {
        "addressSpace": {
          "addressPrefixes": [
            "[variables('addressPrefix')]"
          ]
        },
        "subnets": [
          {
            "name": "[variables('subnetName')]",
            "properties": {
              "addressPrefix": "[variables('subnetPrefix')]",
              "networkSecurityGroup": {
                "id": "[resourceId('Microsoft.Network/networkSecurityGroups', variables('networkSecurityGroupName'))]"
              }
            }
          }
        ],
        "virtualNetworkPeerings": [],
        "enableDdosProtection": false,
        "enableVmProtection": false
      }
    },
    {
      "apiVersion": "2019-11-01",
      "type": "Microsoft.Network/networkInterfaces",
      "name": "[variables('nicName')]",
      "location": "[parameters('location')]",
      "dependsOn": [
        "[resourceId('Microsoft.Network/publicIPAddresses', variables('publicIPAddressName'))]",
        "[resourceId('Microsoft.Network/virtualNetworks', variables('virtualNetworkName'))]"
      ],
      "properties": {
        "ipConfigurations": [
          {
            "name": "ipconfig1",
            "properties": {
              "privateIPAllocationMethod": "Dynamic",
              "publicIPAddress": {
                "id": "[resourceId('Microsoft.Network/publicIPAddresses', variables('publicIPAddressName'))]"
              },
              "subnet": {
                "id": "[variables('subnetRef')]"
              }
            }
          }
        ]
      }
    },
    {
      "apiVersion": "2019-12-01",
      "type": "Microsoft.Compute/virtualMachines",
      "name": "[variables('vmName')]",
      "location": "[parameters('location')]",
      "dependsOn": [
        "[resourceId('Microsoft.Network/networkInterfaces', variables('nicName'))]"
      ],
      "properties": {
        "hardwareProfile": {
          "vmSize": "[parameters('vmSize')]"
        },
        "osProfile": {
          "computerName": "[variables('vmName')]",
          "adminUsername": "[parameters('adminUsername')]",
          "adminPassword": "[parameters('adminPasswordOrKey')]",
          "linuxConfiguration": "[if(equals(parameters('authenticationType'), 'password'), json('null'), variables('linuxConfiguration'))]"
        },
        "storageProfile": {
          "imageReference": {
            "offer": "UbuntuServer",
            "publisher": "Canonical",
            "sku": "18_04-lts-gen2",
            "version": "latest"
          },
          "osDisk": {
            "name": "osdisk1",
            "caching": "ReadWrite",
            "createOption": "FromImage",
            "diskSizeGB": "[variables('sizeOfDiskInGB')]"
          }
        },
        "networkProfile": {
          "networkInterfaces": [
            {
              "id": "[resourceId('Microsoft.Network/networkInterfaces', variables('nicName'))]"
            }
          ],
          "inputEndpoints": [
            {
              "enableDirectServerReturn": "False",
              "endpointName": "SSH",
              "privatePort": 22,
              "publicPort": 22,
              "protocol": "Tcp"
            },
            {
              "enableDirectServerReturn": "False",
              "endpointName": "RPC",
              "privatePort": 26657,
              "publicPort": 26657,
              "protocol": "Tcp"
            },
            {
              "enableDirectServerReturn": "False",
              "endpointName": "P2P",
              "privatePort": 26656,
              "publicPort": 26656,
              "protocol": "Tcp"
            }
          ]
        }
      }
    },
    {
      "type": "Microsoft.Compute/virtualMachines/extensions",
      "name": "[concat(variables('vmName'),'/newuserscript')]",
      "apiVersion": "2019-12-01",
      "location": "[parameters('location')]",
      "dependsOn": [
        "[concat('Microsoft.Compute/virtualMachines/', variables('vmName'))]"
      ],
      "properties": {
        "publisher": "Microsoft.Azure.Extensions",
        "type": "CustomScript",
        "typeHandlerVersion": "2.0",
        "autoUpgradeMinorVersion": true,
        "settings": {
          "fileUris": [
            "[uri(parameters('_artifactsLocation'), concat('scripts/secretnode.sh', parameters('_artifactsLocationSasToken')))]"
          ]
        },
        "protectedSettings": {
          "commandToExecute": "[concat('sh secretnode.sh',' ',parameters('adminUsername'),' ',parameters('chainId'),' ',parameters('moniker'),' ',parameters('persistentPeers'),' ',parameters('rpcUrl'),' ',parameters('registrationService'))]"
        }
      }
    }
  ],
  "outputs": {
    "adminUsername": {
      "type": "string",
      "value": "[parameters('adminUsername')]"
    },
    "hostname": {
      "type": "string",
      "value": "[reference(variables('publicIPAddressName')).dnsSettings.fqdn]"
    },
    "sshCommand": {
      "type": "string",
      "value": "[concat('ssh ', parameters('adminUsername'), '@', reference(variables('publicIPAddressName')).dnsSettings.fqdn)]"
    }
  }
}
