{
  "$schema": "http://json-schema.org/draft-07/schema#",
  "title": "BalanceResponse",
  "type": "object",
  "required": [
    "amount"
  ],
  "properties": {
    "amount": {
      "description": "Always returns a Coin with the requested denom. This may be of 0 amount if no such funds.",
      "allOf": [
        {
          "$ref": "#/definitions/Coin"
        }
      ]
    }
  },
  "definitions": {
    "Coin": {
      "type": "object",
      "required": [
        "amount",
        "denom"
      ],
      "properties": {
        "amount": {
          "$ref": "#/definitions/Uint128"
        },
        "denom": {
          "type": "string"
        }
      }
    },
    "Uint128": {
      "description": "A thin wrapper around u128 that is using strings for JSON encoding/decoding, such that the full u128 range can be used for clients that convert JSON numbers to floats, like JavaScript and jq.\n\n# Examples\n\nUse `from` to create instances of this and `u128` to get the value out:\n\n``` # use cosmwasm_std::Uint128; let a = Uint128::from(123u128); assert_eq!(a.u128(), 123);\n\nlet b = Uint128::from(42u64); assert_eq!(b.u128(), 42);\n\nlet c = Uint128::from(70u32); assert_eq!(c.u128(), 70); ```",
      "type": "string"
    }
  }
}
